bubble name,game name,play parameters
"AddToResult_(4,4)-(1,3)",sheep,"{""Name"":""AddToResult"",""Result_min"":4,""Result_max"":4,""Change_min"":1,""Change_max"":3}"
"AddToResult_(5,5)-(1,4)",sheep,"{""Name"":""AddToResult"",""Result_min"":5,""Result_max"":5,""Change_min"":1,""Change_max"":4}"
"AddToResult_(6,8)-(1,1)",sheep,"{""Name"":""AddToResult"",""Result_min"":6,""Result_max"":8,""Change_min"":1,""Change_max"":1}"
"AddToResult_(8,10)-(1,1)",sheep,"{""Name"":""AddToResult"",""Result_min"":8,""Result_max"":10,""Change_min"":1,""Change_max"":1}"
"AddToResult_(11,15)-(1,1)",sheep,"{""Name"":""AddToResult"",""Result_min"":11,""Result_max"":15,""Change_min"":1,""Change_max"":1}"
"AddToResult_(16,20)-(1,1)",sheep,"{""Name"":""AddToResult"",""Result_min"":16,""Result_max"":20,""Change_min"":1,""Change_max"":1}"
"AddToResult_(6,8)-(2,2)",sheep,"{""Name"":""AddToResult"",""Result_min"":6,""Result_max"":8,""Change_min"":2,""Change_max"":2}"
"AddToResult_(8,10)-(2,2)",sheep,"{""Name"":""AddToResult"",""Result_min"":8,""Result_max"":10,""Change_min"":2,""Change_max"":2}"
"AddToResult_(11,15)-(2,2)",sheep,"{""Name"":""AddToResult"",""Result_min"":11,""Result_max"":15,""Change_min"":2,""Change_max"":2}"
"AddToResult_(16,20)-(2,2)",sheep,"{""Name"":""AddToResult"",""Result_min"":16,""Result_max"":20,""Change_min"":2,""Change_max"":2}"
"AddToResult_(6,10)-(3,5)",sheep,"{""Name"":""AddToResult"",""Result_min"":6,""Result_max"":10,""Change_min"":3,""Change_max"":5}"
"AddToResult_(11,15)-(3,5)",sheep,"{""Name"":""AddToResult"",""Result_min"":11,""Result_max"":15,""Change_min"":3,""Change_max"":5}"
"AddToResult_(16,20)-(3,5)",sheep,"{""Name"":""AddToResult"",""Result_min"":16,""Result_max"":20,""Change_min"":3,""Change_max"":5}"
"AddToResult_(11,15)-(5,10)",sheep,"{""Name"":""AddToResult"",""Result_min"":11,""Result_max"":15,""Change_min"":5,""Change_max"":10}"
"AddToResult_(16,20)-(5,10)",sheep,"{""Name"":""AddToResult"",""Result_min"":16,""Result_max"":20,""Change_min"":5,""Change_max"":10}"
"AddToResult_(12,20)-(3,11)",sheep,"{""Name"":""AddToResult"",""Result_min"":12,""Result_max"":20,""Change_min"":3,""Change_max"":11}"
"TakeFromResult_(4,4)-(1,3)",sheep,"{""Name"":""TakeFromResult"",""Start_min"":4,""Start_max"":4,""Change_min"":1,""Change_max"":3}"
"TakeFromResult_(5,5)-(1,4)",sheep,"{""Name"":""TakeFromResult"",""Start_min"":5,""Start_max"":5,""Change_min"":1,""Change_max"":4}"
"TakeFromResult_(6,8)-(1,1)",sheep,"{""Name"":""TakeFromResult"",""Start_min"":6,""Start_max"":8,""Change_min"":1,""Change_max"":1}"
"TakeFromResult_(8,10)-(1,1)",sheep,"{""Name"":""TakeFromResult"",""Start_min"":8,""Start_max"":10,""Change_min"":1,""Change_max"":1}"
"TakeFromResult_(11,15)-(1,1)",sheep,"{""Name"":""TakeFromResult"",""Start_min"":11,""Start_max"":15,""Change_min"":1,""Change_max"":1}"
"TakeFromResult_(16,20)-(1,1)",sheep,"{""Name"":""TakeFromResult"",""Start_min"":16,""Start_max"":20,""Change_min"":1,""Change_max"":1}"
"TakeFromResult_(6,8)-(2,2)",sheep,"{""Name"":""TakeFromResult"",""Start_min"":6,""Start_max"":8,""Change_min"":2,""Change_max"":2}"
"TakeFromResult_(8,10)-(2,2)",sheep,"{""Name"":""TakeFromResult"",""Start_min"":8,""Start_max"":10,""Change_min"":2,""Change_max"":2}"
"TakeFromResult_(11,15)-(2,2)",sheep,"{""Name"":""TakeFromResult"",""Start_min"":11,""Start_max"":15,""Change_min"":2,""Change_max"":2}"
"TakeFromResult_(16,20)-(2,2)",sheep,"{""Name"":""TakeFromResult"",""Start_min"":16,""Start_max"":20,""Change_min"":2,""Change_max"":2}"
"TakeFromResult_(6,10)-(3,5)",sheep,"{""Name"":""TakeFromResult"",""Start_min"":6,""Start_max"":10,""Change_min"":3,""Change_max"":5}"
"TakeFromResult_(11,15)-(3,5)",sheep,"{""Name"":""TakeFromResult"",""Start_min"":11,""Start_max"":15,""Change_min"":3,""Change_max"":5}"
"TakeFromResult_(16,20)-(3,5)",sheep,"{""Name"":""TakeFromResult"",""Start_min"":16,""Start_max"":20,""Change_min"":3,""Change_max"":5}"
"TakeFromResult_(11,15)-(5,10)",sheep,"{""Name"":""TakeFromResult"",""Start_min"":11,""Start_max"":15,""Change_min"":5,""Change_max"":10}"
"TakeFromResult_(16,20)-(5,10)",sheep,"{""Name"":""TakeFromResult"",""Start_min"":16,""Start_max"":20,""Change_min"":5,""Change_max"":10}"
"TakeFromResult_(12,20)-(3,11)",sheep,"{""Name"":""TakeFromResult"",""Start_min"":12,""Start_max"":20,""Change_min"":3,""Change_max"":11}"
"PutTogetherTotal_2,5",sheep,"{""Name"":""PutTogetherTotal"",""Total_min"":2,""Total_max"":5}"
"PutTogetherTotal_5,8",sheep,"{""Name"":""PutTogetherTotal"",""Total_min"":5,""Total_max"":8}"
"PutTogetherTotal_7,9",sheep,"{""Name"":""PutTogetherTotal"",""Total_min"":7,""Total_max"":9}"
"PutTogetherTotal_8,10",sheep,"{""Name"":""PutTogetherTotal"",""Total_min"":8,""Total_max"":10}"
"PutTogetherTotal_10,13",sheep,"{""Name"":""PutTogetherTotal"",""Total_min"":10,""Total_max"":13}"
"PutTogetherTotal_12,14",sheep,"{""Name"":""PutTogetherTotal"",""Total_min"":12,""Total_max"":14}"
"PutTogetherTotal_13,15",sheep,"{""Name"":""PutTogetherTotal"",""Total_min"":13,""Total_max"":15}"
"PutTogetherTotal_15,18",sheep,"{""Name"":""PutTogetherTotal"",""Total_min"":15,""Total_max"":18}"
"PutTogetherTotal_17,19",sheep,"{""Name"":""PutTogetherTotal"",""Total_min"":17,""Total_max"":19}"
"PutTogetherTotal_18,20",sheep,"{""Name"":""PutTogetherTotal"",""Total_min"":18,""Total_max"":20}"
"PutTogetherTotal_14,20",sheep,"{""Name"":""PutTogetherTotal"",""Total_min"":14,""Total_max"":20}"
"AddToResultCov_(4,5)-(1,1)",sheep,"{""Name"":""AddToResultCov"",""Result_min"":4,""Result_max"":5,""Change_min"":1,""Change_max"":1}"
"AddToResultCov_(6,8)-(1,1)",sheep,"{""Name"":""AddToResultCov"",""Result_min"":6,""Result_max"":8,""Change_min"":1,""Change_max"":1}"
"AddToResultCov_(8,10)-(1,1)",sheep,"{""Name"":""AddToResultCov"",""Result_min"":8,""Result_max"":10,""Change_min"":1,""Change_max"":1}"
"AddToResultCov_(11,15)-(1,1)",sheep,"{""Name"":""AddToResultCov"",""Result_min"":11,""Result_max"":15,""Change_min"":1,""Change_max"":1}"
"AddToResultCov_(16,20)-(1,1)",sheep,"{""Name"":""AddToResultCov"",""Result_min"":16,""Result_max"":20,""Change_min"":1,""Change_max"":1}"
"AddToResultCov_(6,8)-(2,2)",sheep,"{""Name"":""AddToResultCov"",""Result_min"":6,""Result_max"":8,""Change_min"":2,""Change_max"":2}"
"AddToResultCov_(8,10)-(2,2)",sheep,"{""Name"":""AddToResultCov"",""Result_min"":8,""Result_max"":10,""Change_min"":2,""Change_max"":2}"
"AddToResultCov_(11,15)-(2,2)",sheep,"{""Name"":""AddToResultCov"",""Result_min"":11,""Result_max"":15,""Change_min"":2,""Change_max"":2}"
"AddToResultCov_(16,20)-(2,2)",sheep,"{""Name"":""AddToResultCov"",""Result_min"":16,""Result_max"":20,""Change_min"":2,""Change_max"":2}"
"AddToResultCov_(6,8)-(3,3)",sheep,"{""Name"":""AddToResultCov"",""Result_min"":6,""Result_max"":8,""Change_min"":3,""Change_max"":3}"
"AddToResultCov_(8,10)-(3,3)",sheep,"{""Name"":""AddToResultCov"",""Result_min"":8,""Result_max"":10,""Change_min"":3,""Change_max"":3}"
"AddToResultCov_(11,15)-(3,3)",sheep,"{""Name"":""AddToResultCov"",""Result_min"":11,""Result_max"":15,""Change_min"":3,""Change_max"":3}"
"AddToResultCov_(16,20)-(3,3)",sheep,"{""Name"":""AddToResultCov"",""Result_min"":16,""Result_max"":20,""Change_min"":3,""Change_max"":3}"
"AddToResultCov_(10,20)-(1,3)",sheep,"{""Name"":""AddToResultCov"",""Result_min"":10,""Result_max"":20,""Change_min"":1,""Change_max"":3}"
"TakeFromResultCov_(4,5)-(1,1)",sheep,"{""Name"":""TakeFromResultCov"",""Start_min"":4,""Start_max"":5,""Change_min"":1,""Change_max"":1}"
"TakeFromResultCov_(6,8)-(1,1)",sheep,"{""Name"":""TakeFromResultCov"",""Start_min"":6,""Start_max"":8,""Change_min"":1,""Change_max"":1}"
"TakeFromResultCov_(8,10)-(1,1)",sheep,"{""Name"":""TakeFromResultCov"",""Start_min"":8,""Start_max"":10,""Change_min"":1,""Change_max"":1}"
"TakeFromResultCov_(11,15)-(1,1)",sheep,"{""Name"":""TakeFromResultCov"",""Start_min"":11,""Start_max"":15,""Change_min"":1,""Change_max"":1}"
"TakeFromResultCov_(16,20)-(1,1)",sheep,"{""Name"":""TakeFromResultCov"",""Start_min"":16,""Start_max"":20,""Change_min"":1,""Change_max"":1}"
"TakeFromResultCov_(6,8)-(2,2)",sheep,"{""Name"":""TakeFromResultCov"",""Start_min"":6,""Start_max"":8,""Change_min"":2,""Change_max"":2}"
"TakeFromResultCov_(8,10)-(2,2)",sheep,"{""Name"":""TakeFromResultCov"",""Start_min"":8,""Start_max"":10,""Change_min"":2,""Change_max"":2}"
"TakeFromResultCov_(11,15)-(2,2)",sheep,"{""Name"":""TakeFromResultCov"",""Start_min"":11,""Start_max"":15,""Change_min"":2,""Change_max"":2}"
"TakeFromResultCov_(16,20)-(2,2)",sheep,"{""Name"":""TakeFromResultCov"",""Start_min"":16,""Start_max"":20,""Change_min"":2,""Change_max"":2}"
"TakeFromResultCov_(6,8)-(3,3)",sheep,"{""Name"":""TakeFromResultCov"",""Start_min"":6,""Start_max"":8,""Change_min"":3,""Change_max"":3}"
"TakeFromResultCov_(8,10)-(3,3)",sheep,"{""Name"":""TakeFromResultCov"",""Start_min"":8,""Start_max"":10,""Change_min"":3,""Change_max"":3}"
"TakeFromResultCov_(11,15)-(3,3)",sheep,"{""Name"":""TakeFromResultCov"",""Start_min"":11,""Start_max"":15,""Change_min"":3,""Change_max"":3}"
"TakeFromResultCov_(16,20)-(3,3)",sheep,"{""Name"":""TakeFromResultCov"",""Start_min"":16,""Start_max"":20,""Change_min"":3,""Change_max"":3}"
"TakeFromResultCov_(10,20)-(1,3)",sheep,"{""Name"":""TakeFromResultCov"",""Start_min"":10,""Start_max"":20,""Change_min"":1,""Change_max"":3}"
"PutTogetherTotalCov_2,5",sheep,"{""Name"":""PutTogetherTotalCov"",""Total_min"":2,""Total_max"":5}"
"PutTogetherTotalCov_5,8",sheep,"{""Name"":""PutTogetherTotalCov"",""Total_min"":5,""Total_max"":8}"
"PutTogetherTotalCov_7,9",sheep,"{""Name"":""PutTogetherTotalCov"",""Total_min"":7,""Total_max"":9}"
"PutTogetherTotalCov_8,10",sheep,"{""Name"":""PutTogetherTotalCov"",""Total_min"":8,""Total_max"":10}"
"PutTogetherTotalCov_10,13",sheep,"{""Name"":""PutTogetherTotalCov"",""Total_min"":10,""Total_max"":13}"
"PutTogetherTotalCov_12,14",sheep,"{""Name"":""PutTogetherTotalCov"",""Total_min"":12,""Total_max"":14}"
"PutTogetherTotalCov_13,15",sheep,"{""Name"":""PutTogetherTotalCov"",""Total_min"":13,""Total_max"":15}"
"PutTogetherTotalCov_15,18",sheep,"{""Name"":""PutTogetherTotalCov"",""Total_min"":15,""Total_max"":18}"
"PutTogetherTotalCov_17,19",sheep,"{""Name"":""PutTogetherTotalCov"",""Total_min"":17,""Total_max"":19}"
"PutTogetherTotalCov_18,20",sheep,"{""Name"":""PutTogetherTotalCov"",""Total_min"":18,""Total_max"":20}"
"PutTogetherTotalCov_14,20",sheep,"{""Name"":""PutTogetherTotalCov"",""Total_min"":14,""Total_max"":20}"
