source,destination
identify finger < = 3,identify mixed < = 3
identify finger < = 3,identify finger < = 7
identify finger < = 3,count informal < = 5 level 1
identify dice dots < = 3,identify mixed < = 3
identify dice dots < = 3,identify dice dots < = 7
identify dice dots < = 3,count informal < = 5 level 1
identify 5-frame < = 3,identify mixed < = 3
identify 5-frame < = 3,identify 5-frame < = 7
identify 5-frame < = 3,count informal < = 5 level 1
identify numeral < = 3,identify mixed < = 3
identify numeral < = 3,identify numeral < = 7
identify numeral < = 3,count numeral < = 5 level 1
identify finger < = 7,identify mixed < = 7
identify finger < = 7,count informal < = 10 level 1
identify finger < = 7,count informal < = 7 level 3
identify dice dots < = 7,identify mixed < = 7
identify dice dots < = 7,count informal < = 10 level 1
identify dice dots < = 7,count informal < = 7 level 3
identify 5-frame < = 7,identify mixed < = 7
identify 5-frame < = 7,count informal < = 10 level 1
identify 5-frame < = 7,count informal < = 7 level 3
count informal < = 5 level 1,count informal < = 10 level 1
count informal < = 5 level 1,count informal < = 7 level 3
count informal < = 5 level 1,subset informal < = 3 
count informal < = 5 level 1,count mixed  < = 5 level 1
identify mixed < = 3,identify mixed < = 7
identify mixed < = 3,count mixed  < = 5 level 1
identify numeral < = 7,identify mixed < = 7
identify numeral < = 7,count numeral < = 10 level 1
identify numeral < = 7,count numeral < = 7 level 3
count numeral < = 5 level 1,count numeral < = 10 level 1
count numeral < = 5 level 1,count numeral < = 7 level 3
count numeral < = 5 level 1,subset numeral < = 3 
count numeral < = 5 level 1,count mixed  < = 5 level 1
count informal < = 10 level 1,count 5-frame < = 15 level 3
count informal < = 7 level 3,count 5-frame < = 15 level 3
count informal < = 7 level 3,subset informal < = 7 level 3
subset informal < = 3 ,subset informal < = 7 level 3
subset informal < = 3 ,subset mixed  < = 3 
identify mixed < = 7,count mixed  < = 7 level 3
count numeral < = 10 level 1,count numeral < = 15 level 3
count numeral < = 7 level 3,count numeral < = 15 level 3
count numeral < = 7 level 3,subset numeral < = 7 level 3
subset numeral < = 3 ,subset numeral < = 7 level 3
subset numeral < = 3 ,subset mixed  < = 3 
count mixed  < = 5 level 1,count mixed  < = 7 level 3
count mixed  < = 5 level 1,subset mixed  < = 3 
count 5-frame < = 15 level 3,subset 5-frame < = 15 level 3
subset informal < = 7 level 3,subset 5-frame < = 15 level 3
count numeral < = 15 level 3,subset numeral < = 15 level 3
subset numeral < = 7 level 3,subset numeral < = 15 level 3
count mixed  < = 7 level 3,subset mixed  < = 7 level 3
subset mixed  < = 3 ,subset mixed  < = 7 level 3
