category name,bubble name
Cardinality_1-5,identify finger < = 3
Cardinality_1-5,identify finger < = 5
Cardinality_6-10,identify finger < = 7
Cardinality_6-10,identify finger < = 10
Cardinality_1-5,identify dice dots < = 3
Cardinality_1-5,identify dice dots < = 5
Cardinality_6-10,identify dice dots < = 7
Cardinality_6-10,identify dice dots < = 10
Cardinality_1-5,identify 5-frame < = 3
Cardinality_1-5,identify 5-frame < = 5
Cardinality_6-10,identify 5-frame < = 7
Cardinality_6-10,identify 5-frame < = 10
Cardinality_11-15,identify 5-frame < = 15
Cardinality_16_20,identify 5-frame < = 20
Cardinality_1-5,identify numeral < = 3
Cardinality_1-5,identify numeral < = 5
Cardinality_6-10,identify numeral < = 7
Cardinality_6-10,identify numeral < = 10
Cardinality_11-15,identify numeral < = 15
Cardinality_16_20,identify numeral < = 20
Cardinality_1-5,identify mixed < = 3
Cardinality_1-5,identify mixed < = 5
Cardinality_6-10,identify mixed < = 7
Cardinality_6-10,identify mixed < = 10
Cardinality_1-5,count informal < = 3
Cardinality_1-5,count informal < = 5 level 1
Cardinality_1-5,count informal < = 5 level 2
Cardinality_1-5,count informal < = 5 level 3
Cardinality_1-5,count informal < = 5 level 4
Cardinality_6-10,count informal < = 7 level 1
Cardinality_6-10,count informal < = 7 level 2
Cardinality_6-10,count informal < = 7 level 3
Cardinality_6-10,count informal < = 7 level 4
Cardinality_6-10,count informal < = 10 level 1
Cardinality_6-10,count informal < = 10 level 2
Cardinality_6-10,count informal < = 10 level 3
Cardinality_6-10,count informal < = 10 level 4
Cardinality_11-15,count 5-frame < = 15 level 1
Cardinality_11-15,count 5-frame < = 15 level 2
Cardinality_11-15,count 5-frame < = 15 level 3
Cardinality_11-15,count 5-frame < = 15 level 4
Cardinality_16_20,count 5-frame < = 20 level 1
Cardinality_16_20,count 5-frame < = 20 level 2
Cardinality_16_20,count 5-frame < = 20 level 3
Cardinality_16_20,count 5-frame < = 20 level 4
Cardinality_1-5,count numeral < = 3
Cardinality_1-5,count numeral < = 5 level 1
Cardinality_1-5,count numeral < = 5 level 2
Cardinality_1-5,count numeral < = 5 level 3
Cardinality_1-5,count numeral < = 5 level 4
Cardinality_6-10,count numeral < = 7 level 1
Cardinality_6-10,count numeral < = 7 level 2
Cardinality_6-10,count numeral < = 7 level 3
Cardinality_6-10,count numeral < = 7 level 4
Cardinality_6-10,count numeral < = 10 level 1
Cardinality_6-10,count numeral < = 10 level 2
Cardinality_6-10,count numeral < = 10 level 3
Cardinality_6-10,count numeral < = 10 level 4
Cardinality_11-15,count numeral < = 15 level 1
Cardinality_11-15,count numeral < = 15 level 2
Cardinality_11-15,count numeral < = 15 level 3
Cardinality_11-15,count numeral < = 15 level 4
Cardinality_16_20,count numeral < = 20 level 1
Cardinality_16_20,count numeral < = 20 level 2
Cardinality_16_20,count numeral < = 20 level 3
Cardinality_16_20,count numeral < = 20 level 4
Cardinality_1-5,count mixed  < = 3
Cardinality_1-5,count mixed  < = 5 level 1
Cardinality_1-5,count mixed  < = 5 level 2
Cardinality_1-5,count mixed  < = 5 level 3
Cardinality_1-5,count mixed  < = 5 level 4
Cardinality_6-10,count mixed  < = 7 level 1
Cardinality_6-10,count mixed  < = 7 level 2
Cardinality_6-10,count mixed  < = 7 level 3
Cardinality_6-10,count mixed  < = 7 level 4
Cardinality_6-10,count mixed  < = 10 level 1
Cardinality_6-10,count mixed  < = 10 level 2
Cardinality_6-10,count mixed  < = 10 level 3
Cardinality_6-10,count mixed  < = 10 level 4
Cardinality_1-5,subset informal < = 3
Cardinality_1-5,subset informal < = 5 level 1
Cardinality_1-5,subset informal < = 5 level 2
Cardinality_1-5,subset informal < = 5 level 3
Cardinality_1-5,subset informal < = 5 level 4
Cardinality_6-10,subset informal < = 7 level 1
Cardinality_6-10,subset informal < = 7 level 2
Cardinality_6-10,subset informal < = 7 level 3
Cardinality_6-10,subset informal < = 7 level 4
Cardinality_6-10,subset informal < = 10 level 1
Cardinality_6-10,subset informal < = 10 level 2
Cardinality_6-10,subset informal < = 10 level 3
Cardinality_6-10,subset informal < = 10 level 4
Cardinality_11-15,subset 5-frame < = 15 level 1
Cardinality_11-15,subset 5-frame < = 15 level 2
Cardinality_11-15,subset 5-frame < = 15 level 3
Cardinality_11-15,subset 5-frame < = 15 level 4
Cardinality_16_20,subset 5-frame < = 20 level 1
Cardinality_16_20,subset 5-frame < = 20 level 2
Cardinality_16_20,subset 5-frame < = 20 level 3
Cardinality_16_20,subset 5-frame < = 20 level 4
Cardinality_1-5,subset numeral < = 3
Cardinality_1-5,subset numeral < = 5 level 1
Cardinality_1-5,subset numeral < = 5 level 2
Cardinality_1-5,subset numeral < = 5 level 3
Cardinality_1-5,subset numeral < = 5 level 4
Cardinality_6-10,subset numeral < = 7 level 1
Cardinality_6-10,subset numeral < = 7 level 2
Cardinality_6-10,subset numeral < = 7 level 3
Cardinality_6-10,subset numeral < = 7 level 4
Cardinality_6-10,subset numeral < = 10 level 1
Cardinality_6-10,subset numeral < = 10 level 2
Cardinality_6-10,subset numeral < = 10 level 3
Cardinality_6-10,subset numeral < = 10 level 4
Cardinality_11-15,subset numeral < = 15 level 1
Cardinality_11-15,subset numeral < = 15 level 2
Cardinality_11-15,subset numeral < = 15 level 3
Cardinality_11-15,subset numeral < = 15 level 4
Cardinality_16_20,subset numeral < = 20 level 1
Cardinality_16_20,subset numeral < = 20 level 2
Cardinality_16_20,subset numeral < = 20 level 3
Cardinality_16_20,subset numeral < = 20 level 4
Cardinality_1-5,subset mixed  < = 3
Cardinality_1-5,subset mixed  < = 5 level 1
Cardinality_1-5,subset mixed  < = 5 level 2
Cardinality_1-5,subset mixed  < = 5 level 3
Cardinality_1-5,subset mixed  < = 5 level 4
Cardinality_6-10,subset mixed  < = 7 level 1
Cardinality_6-10,subset mixed  < = 7 level 2
Cardinality_6-10,subset mixed  < = 7 level 3
Cardinality_6-10,subset mixed  < = 7 level 4
Cardinality_6-10,subset mixed  < = 10 level 1
Cardinality_6-10,subset mixed  < = 10 level 2
Cardinality_6-10,subset mixed  < = 10 level 3
Cardinality_6-10,subset mixed  < = 10 level 4
