source,destination
count informal < = 7 level 2,count 5-frame < = 15 level 2
count informal < = 7 level 2,count informal < = 10 level 4
count informal < = 7 level 2,subset informal < = 7 level 2
count numeral < = 7 level 2,count numeral < = 15 level 2
count numeral < = 7 level 2,count numeral < = 10 level 4
count numeral < = 7 level 2,subset numeral < = 7 level 2
count informal < = 5 level 4,count informal < = 10 level 4
count informal < = 5 level 4,subset informal < = 7 level 2
count informal < = 5 level 4,count mixed  < = 7 level 2
count informal < = 5 level 4,subset informal < = 5 level 4
count informal < = 5 level 4,count mixed  < = 5 level 4
count numeral < = 5 level 4,count numeral < = 10 level 4
count numeral < = 5 level 4,count mixed  < = 7 level 2
count numeral < = 5 level 4,subset numeral < = 7 level 2
count numeral < = 5 level 4,count mixed  < = 5 level 4
count numeral < = 5 level 4,subset numeral < = 5 level 4
count 5-frame < = 15 level 2,count 5-frame < = 20 level 4
count 5-frame < = 15 level 2,subset 5-frame < = 15 level 2
count numeral < = 15 level 2,count numeral < = 20 level 4
count numeral < = 15 level 2,subset numeral < = 15 level 2
count informal < = 10 level 4,count 5-frame < = 20 level 4
count informal < = 10 level 4,subset 5-frame < = 15 level 2
count informal < = 10 level 4,subset informal < = 10 level 4
subset informal < = 7 level 2,subset 5-frame < = 15 level 2
subset informal < = 7 level 2,subset informal < = 10 level 4
subset informal < = 5 level 4,subset informal < = 10 level 4
subset informal < = 5 level 4,subset mixed  < = 7 level 2
subset informal < = 5 level 4,subset mixed  < = 5 level 4
count numeral < = 10 level 4,count numeral < = 20 level 4
count numeral < = 10 level 4,subset numeral < = 15 level 2
count numeral < = 10 level 4,subset numeral < = 10 level 4
count mixed  < = 7 level 2,count mixed  < = 10 level 4
count mixed  < = 7 level 2,subset mixed  < = 7 level 2
subset numeral < = 7 level 2,subset numeral < = 15 level 2
subset numeral < = 7 level 2,subset numeral < = 10 level 4
count mixed  < = 5 level 4,count mixed  < = 10 level 4
count mixed  < = 5 level 4,subset mixed  < = 7 level 2
count mixed  < = 5 level 4,subset mixed  < = 5 level 4
subset numeral < = 5 level 4,subset numeral < = 10 level 4
subset numeral < = 5 level 4,subset mixed  < = 7 level 2
subset numeral < = 5 level 4,subset mixed  < = 5 level 4
count 5-frame < = 20 level 4,subset 5-frame < = 20 level 4
subset 5-frame < = 15 level 2,subset 5-frame < = 20 level 4
subset informal < = 10 level 4,subset 5-frame < = 20 level 4
count numeral < = 20 level 4,subset numeral < = 20 level 4
subset numeral < = 15 level 2,subset numeral < = 20 level 4
count mixed  < = 10 level 4,subset mixed  < = 10 level 4
subset numeral < = 10 level 4,subset numeral < = 20 level 4
subset mixed  < = 7 level 2,subset mixed  < = 10 level 4
subset mixed  < = 5 level 4,subset mixed  < = 10 level 4
