source,destination
"CompDiff_(4,5)-(1,2)","CompDiff_(5,10)-(1,1)"
"CompSmallerEasy_(4,5)-(1,2)","CompSmallerEasy_(5,10)-(1,1)"
"CompSmallerEasy_(4,5)-(1,2)","CompSmaller_(4,5)-(1,2)"
"CompBiggerEasy_(4,5)-(1,2)","CompBiggerEasy_(5,10)-(1,1)"
"CompBiggerEasy_(4,5)-(1,2)","CompBigger_(4,5)-(1,2)"
"CompDiff_(5,10)-(1,1)","CompDiff_(11,15)-(2,2)"
"CompSmallerEasy_(5,10)-(1,1)","CompSmaller_(5,10)-(1,1)"
"CompSmallerEasy_(5,10)-(1,1)","CompSmallerEasy_(11,15)-(2,2)"
"CompSmaller_(4,5)-(1,2)","CompSmaller_(5,10)-(1,1)"
"CompBiggerEasy_(5,10)-(1,1)","CompBigger_(5,10)-(1,1)"
"CompBiggerEasy_(5,10)-(1,1)","CompBiggerEasy_(11,15)-(2,2)"
"CompBigger_(4,5)-(1,2)","CompBigger_(5,10)-(1,1)"
"CompDiff_(11,15)-(2,2)","CompDiff_(16,20)-(3,5)"
"CompSmallerEasy_(11,15)-(2,2)","CompSmaller_(11,15)-(2,2)"
"CompSmallerEasy_(11,15)-(2,2)","CompSmallerEasy_(16,20)-(3,5)"
"CompSmaller_(5,10)-(1,1)","CompSmaller_(11,15)-(2,2)"
"CompBiggerEasy_(11,15)-(2,2)","CompBigger_(11,15)-(2,2)"
"CompBiggerEasy_(11,15)-(2,2)","CompBiggerEasy_(16,20)-(3,5)"
"CompBigger_(5,10)-(1,1)","CompBigger_(11,15)-(2,2)"
"CompSmallerEasy_(16,20)-(3,5)","CompSmaller_(16,20)-(3,5)"
"CompSmaller_(11,15)-(2,2)","CompSmaller_(16,20)-(3,5)"
"CompBiggerEasy_(16,20)-(3,5)","CompBigger_(16,20)-(3,5)"
"CompBigger_(11,15)-(2,2)","CompBigger_(16,20)-(3,5)"
