source,destination
"CompBigger_(5,10)-(3,5)","CompDiff_(11,15)-(1,1)"
"CompDiff_(5,10)-(3,5)","CompDiff_(11,15)-(1,1)"
"CompSmaller_(5,10)-(3,5)","CompDiff_(11,15)-(1,1)"
"CompBigger_(5,10)-(3,5)","CompSmallerEasy_(11,15)-(1,1)"
"CompDiff_(5,10)-(3,5)","CompSmallerEasy_(11,15)-(1,1)"
"CompSmaller_(5,10)-(3,5)","CompSmallerEasy_(11,15)-(1,1)"
"CompBigger_(5,10)-(3,5)","CompBiggerEasy_(11,15)-(1,1)"
"CompDiff_(5,10)-(3,5)","CompBiggerEasy_(11,15)-(1,1)"
"CompSmaller_(5,10)-(3,5)","CompBiggerEasy_(11,15)-(1,1)"
"CompBiggerEasy_(4,5)-(1,2)","CompBigger_(5,10)-(3,5)"
"CompDiff_(4,5)-(1,2)","CompDiff_(5,10)-(3,5)"
"CompSmallerEasy_(4,5)-(1,2)","CompSmaller_(5,10)-(3,5)"
,
,
,
,
,
,
,
,
,
,
,
,
,
,
,
,
,
,
