category,bubble name
Comparison_1-5,"CompDiff_(4,5)-(1,2)"
Comparison_6-10,"CompDiff_(5,10)-(1,1)"
Comparison_11-15,"CompDiff_(11,15)-(1,1)"
Comparison_16-20,"CompDiff_(16,20)-(1,1)"
Comparison_6-10,"CompDiff_(5,10)-(2,2)"
Comparison_11-15,"CompDiff_(11,15)-(2,2)"
Comparison_16-20,"CompDiff_(16,20)-(2,2)"
Comparison_6-10,"CompDiff_(5,10)-(3,5)"
Comparison_11-15,"CompDiff_(11,15)-(3,5)"
Comparison_16-20,"CompDiff_(16,20)-(3,5)"
Comparison_11-15,"CompDiff_(11,15)-(5,10)"
Comparison_16-20,"CompDiff_(16,20)-(5,10)"
Comparison_16-20,"CompDiff_(12,20)-(3,11)"
Comparison_1-5,"CompSmallerEasy_(4,5)-(1,2)"
Comparison_6-10,"CompSmallerEasy_(5,10)-(1,1)"
Comparison_11-15,"CompSmallerEasy_(11,15)-(1,1)"
Comparison_16-20,"CompSmallerEasy_(16,20)-(1,1)"
Comparison_6-10,"CompSmallerEasy_(5,10)-(2,2)"
Comparison_11-15,"CompSmallerEasy_(11,15)-(2,2)"
Comparison_16-20,"CompSmallerEasy_(16,20)-(2,2)"
Comparison_6-10,"CompSmallerEasy_(5,10)-(3,5)"
Comparison_11-15,"CompSmallerEasy_(11,15)-(3,5)"
Comparison_16-20,"CompSmallerEasy_(16,20)-(3,5)"
Comparison_11-15,"CompSmallerEasy_(11,15)-(5,10)"
Comparison_16-20,"CompSmallerEasy_(16,20)-(5,10)"
Comparison_16-20,"CompSmallerEasy_(12,20)-(3,11)"
Comparison_1-5,"CompSmaller_(4,5)-(1,2)"
Comparison_6-10,"CompSmaller_(5,10)-(1,1)"
Comparison_11-15,"CompSmaller_(11,15)-(1,1)"
Comparison_16-20,"CompSmaller_(16,20)-(1,1)"
Comparison_6-10,"CompSmaller_(5,10)-(2,2)"
Comparison_11-15,"CompSmaller_(11,15)-(2,2)"
Comparison_16-20,"CompSmaller_(16,20)-(2,2)"
Comparison_6-10,"CompSmaller_(5,10)-(3,5)"
Comparison_11-15,"CompSmaller_(11,15)-(3,5)"
Comparison_16-20,"CompSmaller_(16,20)-(3,5)"
Comparison_11-15,"CompSmaller_(11,15)-(5,10)"
Comparison_16-20,"CompSmaller_(16,20)-(5,10)"
Comparison_16-20,"CompSmaller_(12,20)-(3,11)"
Comparison_1-5,"CompBiggerEasy_(4,5)-(1,2)"
Comparison_6-10,"CompBiggerEasy_(5,10)-(1,1)"
Comparison_11-15,"CompBiggerEasy_(11,15)-(1,1)"
Comparison_16-20,"CompBiggerEasy_(16,20)-(1,1)"
Comparison_6-10,"CompBiggerEasy_(5,10)-(2,2)"
Comparison_11-15,"CompBiggerEasy_(11,15)-(2,2)"
Comparison_16-20,"CompBiggerEasy_(16,20)-(2,2)"
Comparison_6-10,"CompBiggerEasy_(5,10)-(3,5)"
Comparison_11-15,"CompBiggerEasy_(11,15)-(3,5)"
Comparison_16-20,"CompBiggerEasy_(16,20)-(3,5)"
Comparison_11-15,"CompBiggerEasy_(11,15)-(5,10)"
Comparison_16-20,"CompBiggerEasy_(16,20)-(5,10)"
Comparison_16-20,"CompBiggerEasy_(12,20)-(3,11)"
Comparison_1-5,"CompBigger_(4,5)-(1,2)"
Comparison_6-10,"CompBigger_(5,10)-(1,1)"
Comparison_11-15,"CompBigger_(11,15)-(1,1)"
Comparison_16-20,"CompBigger_(16,20)-(1,1)"
Comparison_6-10,"CompBigger_(5,10)-(2,2)"
Comparison_11-15,"CompBigger_(11,15)-(2,2)"
Comparison_16-20,"CompBigger_(16,20)-(2,2)"
Comparison_6-10,"CompBigger_(5,10)-(3,5)"
Comparison_11-15,"CompBigger_(11,15)-(3,5)"
Comparison_16-20,"CompBigger_(16,20)-(3,5)"
Comparison_11-15,"CompBigger_(11,15)-(5,10)"
Comparison_16-20,"CompBigger_(16,20)-(5,10)"
Comparison_16-20,"CompBigger_(12,20)-(3,11)"
