source,destination
"CompBigger_(5,10)-(3,5)","CompDiff_(11,15)-(3,5)"
"CompDiff_(5,10)-(3,5)","CompDiff_(11,15)-(3,5)"
"CompSmaller_(5,10)-(3,5)","CompDiff_(11,15)-(3,5)"
"CompBigger_(5,10)-(3,5)","CompSmallerEasy_(11,15)-(3,5)"
"CompDiff_(5,10)-(3,5)","CompSmallerEasy_(11,15)-(3,5)"
"CompSmaller_(5,10)-(3,5)","CompSmallerEasy_(11,15)-(3,5)"
"CompBigger_(5,10)-(3,5)","CompBiggerEasy_(11,15)-(3,5)"
"CompDiff_(5,10)-(3,5)","CompBiggerEasy_(11,15)-(3,5)"
"CompSmaller_(5,10)-(3,5)","CompBiggerEasy_(11,15)-(3,5)"
"CompSmallerEasy_(5,10)-(2,2)","CompSmaller_(5,10)-(3,5)"
"CompBiggerEasy_(5,10)-(2,2)","CompBigger_(5,10)-(3,5)"
"CompDiff_(11,15)-(3,5)","CompDiff_(16,20)-(5,10)"
"CompSmallerEasy_(11,15)-(3,5)","CompSmaller_(11,15)-(3,5)"
"CompSmallerEasy_(11,15)-(3,5)","CompSmallerEasy_(16,20)-(5,10)"
"CompBiggerEasy_(11,15)-(3,5)","CompBigger_(11,15)-(3,5)"
"CompBiggerEasy_(11,15)-(3,5)","CompBiggerEasy_(16,20)-(5,10)"
"CompDiff_(16,20)-(5,10)","CompDiff_(12,20)-(3,11)"
"CompSmaller_(11,15)-(3,5)","CompSmaller_(16,20)-(5,10)"
"CompSmallerEasy_(16,20)-(5,10)","CompSmallerEasy_(12,20)-(3,11)"
"CompSmallerEasy_(16,20)-(5,10)","CompSmaller_(16,20)-(5,10)"
"CompBigger_(11,15)-(3,5)","CompBigger_(16,20)-(5,10)"
"CompBiggerEasy_(16,20)-(5,10)","CompBiggerEasy_(12,20)-(3,11)"
"CompBiggerEasy_(16,20)-(5,10)","CompBigger_(16,20)-(5,10)"
"CompSmallerEasy_(12,20)-(3,11)","CompSmaller_(12,20)-(3,11)"
"CompSmaller_(16,20)-(5,10)","CompSmaller_(12,20)-(3,11)"
"CompBiggerEasy_(12,20)-(3,11)","CompBigger_(12,20)-(3,11)"
"CompBigger_(16,20)-(5,10)","CompBigger_(12,20)-(3,11)"
