name
"AddToResult_(4,4)-(1,3)"
"AddToResult_(5,5)-(1,4)"
"AddToResult_(6,8)-(1,1)"
"AddToResult_(8,10)-(1,1)"
"AddToResult_(11,15)-(1,1)"
"AddToResult_(16,20)-(1,1)"
"AddToResult_(6,8)-(2,2)"
"AddToResult_(8,10)-(2,2)"
"AddToResult_(11,15)-(2,2)"
"AddToResult_(16,20)-(2,2)"
"AddToResult_(6,10)-(3,5)"
"AddToResult_(11,15)-(3,5)"
"AddToResult_(16,20)-(3,5)"
"AddToResult_(11,15)-(5,10)"
"AddToResult_(16,20)-(5,10)"
"AddToResult_(12,20)-(3,11)"
"TakeFromResult_(4,4)-(1,3)"
"TakeFromResult_(5,5)-(1,4)"
"TakeFromResult_(6,8)-(1,1)"
"TakeFromResult_(8,10)-(1,1)"
"TakeFromResult_(11,15)-(1,1)"
"TakeFromResult_(16,20)-(1,1)"
"TakeFromResult_(6,8)-(2,2)"
"TakeFromResult_(8,10)-(2,2)"
"TakeFromResult_(11,15)-(2,2)"
"TakeFromResult_(16,20)-(2,2)"
"TakeFromResult_(6,10)-(3,5)"
"TakeFromResult_(11,15)-(3,5)"
"TakeFromResult_(16,20)-(3,5)"
"TakeFromResult_(11,15)-(5,10)"
"TakeFromResult_(16,20)-(5,10)"
"TakeFromResult_(12,20)-(3,11)"
"PutTogetherTotal_2,5"
"PutTogetherTotal_5,8"
"PutTogetherTotal_7,9"
"PutTogetherTotal_8,10"
"PutTogetherTotal_10,13"
"PutTogetherTotal_12,14"
"PutTogetherTotal_13,15"
"PutTogetherTotal_15,18"
"PutTogetherTotal_17,19"
"PutTogetherTotal_18,20"
"PutTogetherTotal_14,20"
"AddToResultCov_(4,5)-(1,1)"
"AddToResultCov_(6,8)-(1,1)"
"AddToResultCov_(8,10)-(1,1)"
"AddToResultCov_(11,15)-(1,1)"
"AddToResultCov_(16,20)-(1,1)"
"AddToResultCov_(6,8)-(2,2)"
"AddToResultCov_(8,10)-(2,2)"
"AddToResultCov_(11,15)-(2,2)"
"AddToResultCov_(16,20)-(2,2)"
"AddToResultCov_(6,8)-(3,3)"
"AddToResultCov_(8,10)-(3,3)"
"AddToResultCov_(11,15)-(3,3)"
"AddToResultCov_(16,20)-(3,3)"
"AddToResultCov_(10,20)-(1,3)"
"TakeFromResultCov_(4,5)-(1,1)"
"TakeFromResultCov_(6,8)-(1,1)"
"TakeFromResultCov_(8,10)-(1,1)"
"TakeFromResultCov_(11,15)-(1,1)"
"TakeFromResultCov_(16,20)-(1,1)"
"TakeFromResultCov_(6,8)-(2,2)"
"TakeFromResultCov_(8,10)-(2,2)"
"TakeFromResultCov_(11,15)-(2,2)"
"TakeFromResultCov_(16,20)-(2,2)"
"TakeFromResultCov_(6,8)-(3,3)"
"TakeFromResultCov_(8,10)-(3,3)"
"TakeFromResultCov_(11,15)-(3,3)"
"TakeFromResultCov_(16,20)-(3,3)"
"TakeFromResultCov_(10,20)-(1,3)"
"PutTogetherTotalCov_2,5"
"PutTogetherTotalCov_5,8"
"PutTogetherTotalCov_7,9"
"PutTogetherTotalCov_8,10"
"PutTogetherTotalCov_10,13"
"PutTogetherTotalCov_12,14"
"PutTogetherTotalCov_13,15"
"PutTogetherTotalCov_15,18"
"PutTogetherTotalCov_17,19"
"PutTogetherTotalCov_18,20"
"PutTogetherTotalCov_14,20"
