bubble name,game name,play parameters
"Ord_(1,5)_1",space_ship,"{""name"":""ordinal"",""min"":1,""max"":5,""level"":1}"
"Ord_(5,10)_1",space_ship,"{""name"":""ordinal"",""min"":5,""max"":10,""level"":1}"
"Ord_(10,20)_1",space_ship,"{""name"":""ordinal"",""min"":10,""max"":20,""level"":1}"
"Ord_(20,30)_1",space_ship,"{""name"":""ordinal"",""min"":20,""max"":30,""level"":1}"
"Ord_(30,40)_1",space_ship,"{""name"":""ordinal"",""min"":30,""max"":40,""level"":1}"
"Ord_(40,50)_1",space_ship,"{""name"":""ordinal"",""min"":40,""max"":50,""level"":1}"
"Ord_(50,60)_1",space_ship,"{""name"":""ordinal"",""min"":50,""max"":60,""level"":1}"
"Ord_(60,70)_1",space_ship,"{""name"":""ordinal"",""min"":60,""max"":70,""level"":1}"
"Ord_(70,80)_1",space_ship,"{""name"":""ordinal"",""min"":70,""max"":80,""level"":1}"
"Ord_(80,90)_1",space_ship,"{""name"":""ordinal"",""min"":80,""max"":90,""level"":1}"
"Ord_(90,100)_1",space_ship,"{""name"":""ordinal"",""min"":90,""max"":100,""level"":1}"
"Ord_(2,5)_3",space_ship,"{""name"":""ordinal"",""min"":2,""max"":5,""level"":3}"
"Ord_(5,15)_1",space_ship,"{""name"":""ordinal"",""min"":5,""max"":15,""level"":1}"
"Ord_(15,25)_1",space_ship,"{""name"":""ordinal"",""min"":15,""max"":25,""level"":1}"
"Ord_(25,35)_1",space_ship,"{""name"":""ordinal"",""min"":25,""max"":35,""level"":1}"
"Ord_(35,45)_1",space_ship,"{""name"":""ordinal"",""min"":35,""max"":45,""level"":1}"
"Ord_(45,55)_1",space_ship,"{""name"":""ordinal"",""min"":45,""max"":55,""level"":1}"
"Ord_(55,65)_1",space_ship,"{""name"":""ordinal"",""min"":55,""max"":65,""level"":1}"
"Ord_(65,75)_1",space_ship,"{""name"":""ordinal"",""min"":65,""max"":75,""level"":1}"
"Ord_(75,85)_1",space_ship,"{""name"":""ordinal"",""min"":75,""max"":85,""level"":1}"
"Ord_(85,95)_1",space_ship,"{""name"":""ordinal"",""min"":85,""max"":95,""level"":1}"
"Ord_(1,5)_2",space_ship,"{""name"":""ordinal"",""min"":1,""max"":5,""level"":2}"
"Ord_(5,10)_2",space_ship,"{""name"":""ordinal"",""min"":5,""max"":10,""level"":2}"
"Ord_(10,20)_2",space_ship,"{""name"":""ordinal"",""min"":10,""max"":20,""level"":2}"
"Ord_(20,30)_2",space_ship,"{""name"":""ordinal"",""min"":20,""max"":30,""level"":2}"
"Ord_(30,40)_2",space_ship,"{""name"":""ordinal"",""min"":30,""max"":40,""level"":2}"
"Ord_(40,50)_2",space_ship,"{""name"":""ordinal"",""min"":40,""max"":50,""level"":2}"
"Ord_(50,60)_2",space_ship,"{""name"":""ordinal"",""min"":50,""max"":60,""level"":2}"
"Ord_(60,70)_2",space_ship,"{""name"":""ordinal"",""min"":60,""max"":70,""level"":2}"
"Ord_(70,80)_2",space_ship,"{""name"":""ordinal"",""min"":70,""max"":80,""level"":2}"
"Ord_(80,90)_2",space_ship,"{""name"":""ordinal"",""min"":80,""max"":90,""level"":2}"
"Ord_(90,100)_2",space_ship,"{""name"":""ordinal"",""min"":90,""max"":100,""level"":2}"
"Ord_(2,8)_3",space_ship,"{""name"":""ordinal"",""min"":2,""max"":8,""level"":3}"
"Ord_(5,15)_2",space_ship,"{""name"":""ordinal"",""min"":5,""max"":15,""level"":2}"
"Ord_(15,25)_2",space_ship,"{""name"":""ordinal"",""min"":15,""max"":25,""level"":2}"
"Ord_(25,35)_2",space_ship,"{""name"":""ordinal"",""min"":25,""max"":35,""level"":2}"
"Ord_(35,45)_2",space_ship,"{""name"":""ordinal"",""min"":35,""max"":45,""level"":2}"
"Ord_(45,55)_2",space_ship,"{""name"":""ordinal"",""min"":45,""max"":55,""level"":2}"
"Ord_(55,65)_2",space_ship,"{""name"":""ordinal"",""min"":55,""max"":65,""level"":2}"
"Ord_(65,75)_2",space_ship,"{""name"":""ordinal"",""min"":65,""max"":75,""level"":2}"
"Ord_(75,85)_2",space_ship,"{""name"":""ordinal"",""min"":75,""max"":85,""level"":2}"
"Ord_(85,95)_2",space_ship,"{""name"":""ordinal"",""min"":85,""max"":95,""level"":2}"
"Ord_(4,7)_3",space_ship,"{""name"":""ordinal"",""min"":4,""max"":7,""level"":3}"
