bubble name,game name,play parameters
"CompDiff_(4,5)-(1,2)",sheep,"{""Name"":""CompDiff"",""Bigger_min"":4,""Bigger_max"":5,""Difference_min"":1,""Difference_max"":2}"
"CompDiff_(5,10)-(1,1)",sheep,"{""Name"":""CompDiff"",""Bigger_min"":5,""Bigger_max"":10,""Difference_min"":1,""Difference_max"":1}"
"CompDiff_(11,15)-(1,1)",sheep,"{""Name"":""CompDiff"",""Bigger_min"":11,""Bigger_max"":15,""Difference_min"":1,""Difference_max"":1}"
"CompDiff_(16,20)-(1,1)",sheep,"{""Name"":""CompDiff"",""Bigger_min"":16,""Bigger_max"":20,""Difference_min"":1,""Difference_max"":1}"
"CompDiff_(5,10)-(2,2)",sheep,"{""Name"":""CompDiff"",""Bigger_min"":5,""Bigger_max"":10,""Difference_min"":2,""Difference_max"":2}"
"CompDiff_(11,15)-(2,2)",sheep,"{""Name"":""CompDiff"",""Bigger_min"":11,""Bigger_max"":15,""Difference_min"":2,""Difference_max"":2}"
"CompDiff_(16,20)-(2,2)",sheep,"{""Name"":""CompDiff"",""Bigger_min"":16,""Bigger_max"":20,""Difference_min"":2,""Difference_max"":2}"
"CompDiff_(5,10)-(3,5)",sheep,"{""Name"":""CompDiff"",""Bigger_min"":5,""Bigger_max"":10,""Difference_min"":3,""Difference_max"":5}"
"CompDiff_(11,15)-(3,5)",sheep,"{""Name"":""CompDiff"",""Bigger_min"":11,""Bigger_max"":15,""Difference_min"":3,""Difference_max"":5}"
"CompDiff_(16,20)-(3,5)",sheep,"{""Name"":""CompDiff"",""Bigger_min"":16,""Bigger_max"":20,""Difference_min"":3,""Difference_max"":5}"
"CompDiff_(11,15)-(5,10)",sheep,"{""Name"":""CompDiff"",""Bigger_min"":11,""Bigger_max"":15,""Difference_min"":5,""Difference_max"":10}"
"CompDiff_(16,20)-(5,10)",sheep,"{""Name"":""CompDiff"",""Bigger_min"":16,""Bigger_max"":20,""Difference_min"":5,""Difference_max"":10}"
"CompDiff_(12,20)-(3,11)",sheep,"{""Name"":""CompDiff"",""Bigger_min"":12,""Bigger_max"":20,""Difference_min"":3,""Difference_max"":11}"
"CompSmallerEasy_(4,5)-(1,2)",sheep,"{""Name"":""CompSmallerEasy"",""Bigger_min"":4,""Bigger_max"":5,""Difference_min"":1,""Difference_max"":2}"
"CompSmallerEasy_(5,10)-(1,1)",sheep,"{""Name"":""CompSmallerEasy"",""Bigger_min"":5,""Bigger_max"":10,""Difference_min"":1,""Difference_max"":1}"
"CompSmallerEasy_(11,15)-(1,1)",sheep,"{""Name"":""CompSmallerEasy"",""Bigger_min"":11,""Bigger_max"":15,""Difference_min"":1,""Difference_max"":1}"
"CompSmallerEasy_(16,20)-(1,1)",sheep,"{""Name"":""CompSmallerEasy"",""Bigger_min"":16,""Bigger_max"":20,""Difference_min"":1,""Difference_max"":1}"
"CompSmallerEasy_(5,10)-(2,2)",sheep,"{""Name"":""CompSmallerEasy"",""Bigger_min"":5,""Bigger_max"":10,""Difference_min"":2,""Difference_max"":2}"
"CompSmallerEasy_(11,15)-(2,2)",sheep,"{""Name"":""CompSmallerEasy"",""Bigger_min"":11,""Bigger_max"":15,""Difference_min"":2,""Difference_max"":2}"
"CompSmallerEasy_(16,20)-(2,2)",sheep,"{""Name"":""CompSmallerEasy"",""Bigger_min"":16,""Bigger_max"":20,""Difference_min"":2,""Difference_max"":2}"
"CompSmallerEasy_(5,10)-(3,5)",sheep,"{""Name"":""CompSmallerEasy"",""Bigger_min"":5,""Bigger_max"":10,""Difference_min"":3,""Difference_max"":5}"
"CompSmallerEasy_(11,15)-(3,5)",sheep,"{""Name"":""CompSmallerEasy"",""Bigger_min"":11,""Bigger_max"":15,""Difference_min"":3,""Difference_max"":5}"
"CompSmallerEasy_(16,20)-(3,5)",sheep,"{""Name"":""CompSmallerEasy"",""Bigger_min"":16,""Bigger_max"":20,""Difference_min"":3,""Difference_max"":5}"
"CompSmallerEasy_(11,15)-(5,10)",sheep,"{""Name"":""CompSmallerEasy"",""Bigger_min"":11,""Bigger_max"":15,""Difference_min"":5,""Difference_max"":10}"
"CompSmallerEasy_(16,20)-(5,10)",sheep,"{""Name"":""CompSmallerEasy"",""Bigger_min"":16,""Bigger_max"":20,""Difference_min"":5,""Difference_max"":10}"
"CompSmallerEasy_(12,20)-(3,11)",sheep,"{""Name"":""CompSmallerEasy"",""Bigger_min"":12,""Bigger_max"":20,""Difference_min"":3,""Difference_max"":11}"
"CompSmaller_(4,5)-(1,2)",sheep,"{""Name"":""CompSmaller"",""Bigger_min"":4,""Bigger_max"":5,""Difference_min"":1,""Difference_max"":2}"
"CompSmaller_(5,10)-(1,1)",sheep,"{""Name"":""CompSmaller"",""Bigger_min"":5,""Bigger_max"":10,""Difference_min"":1,""Difference_max"":1}"
"CompSmaller_(11,15)-(1,1)",sheep,"{""Name"":""CompSmaller"",""Bigger_min"":11,""Bigger_max"":15,""Difference_min"":1,""Difference_max"":1}"
"CompSmaller_(16,20)-(1,1)",sheep,"{""Name"":""CompSmaller"",""Bigger_min"":16,""Bigger_max"":20,""Difference_min"":1,""Difference_max"":1}"
"CompSmaller_(5,10)-(2,2)",sheep,"{""Name"":""CompSmaller"",""Bigger_min"":5,""Bigger_max"":10,""Difference_min"":2,""Difference_max"":2}"
"CompSmaller_(11,15)-(2,2)",sheep,"{""Name"":""CompSmaller"",""Bigger_min"":11,""Bigger_max"":15,""Difference_min"":2,""Difference_max"":2}"
"CompSmaller_(16,20)-(2,2)",sheep,"{""Name"":""CompSmaller"",""Bigger_min"":16,""Bigger_max"":20,""Difference_min"":2,""Difference_max"":2}"
"CompSmaller_(5,10)-(3,5)",sheep,"{""Name"":""CompSmaller"",""Bigger_min"":5,""Bigger_max"":10,""Difference_min"":3,""Difference_max"":5}"
"CompSmaller_(11,15)-(3,5)",sheep,"{""Name"":""CompSmaller"",""Bigger_min"":11,""Bigger_max"":15,""Difference_min"":3,""Difference_max"":5}"
"CompSmaller_(16,20)-(3,5)",sheep,"{""Name"":""CompSmaller"",""Bigger_min"":16,""Bigger_max"":20,""Difference_min"":3,""Difference_max"":5}"
"CompSmaller_(11,15)-(5,10)",sheep,"{""Name"":""CompSmaller"",""Bigger_min"":11,""Bigger_max"":15,""Difference_min"":5,""Difference_max"":10}"
"CompSmaller_(16,20)-(5,10)",sheep,"{""Name"":""CompSmaller"",""Bigger_min"":16,""Bigger_max"":20,""Difference_min"":5,""Difference_max"":10}"
"CompSmaller_(12,20)-(3,11)",sheep,"{""Name"":""CompSmaller"",""Bigger_min"":12,""Bigger_max"":20,""Difference_min"":3,""Difference_max"":11}"
"CompBiggerEasy_(4,5)-(1,2)",sheep,"{""Name"":""CompBiggerEasy"",""Bigger_min"":4,""Bigger_max"":5,""Difference_min"":1,""Difference_max"":2}"
"CompBiggerEasy_(5,10)-(1,1)",sheep,"{""Name"":""CompBiggerEasy"",""Bigger_min"":5,""Bigger_max"":10,""Difference_min"":1,""Difference_max"":1}"
"CompBiggerEasy_(11,15)-(1,1)",sheep,"{""Name"":""CompBiggerEasy"",""Bigger_min"":11,""Bigger_max"":15,""Difference_min"":1,""Difference_max"":1}"
"CompBiggerEasy_(16,20)-(1,1)",sheep,"{""Name"":""CompBiggerEasy"",""Bigger_min"":16,""Bigger_max"":20,""Difference_min"":1,""Difference_max"":1}"
"CompBiggerEasy_(5,10)-(2,2)",sheep,"{""Name"":""CompBiggerEasy"",""Bigger_min"":5,""Bigger_max"":10,""Difference_min"":2,""Difference_max"":2}"
"CompBiggerEasy_(11,15)-(2,2)",sheep,"{""Name"":""CompBiggerEasy"",""Bigger_min"":11,""Bigger_max"":15,""Difference_min"":2,""Difference_max"":2}"
"CompBiggerEasy_(16,20)-(2,2)",sheep,"{""Name"":""CompBiggerEasy"",""Bigger_min"":16,""Bigger_max"":20,""Difference_min"":2,""Difference_max"":2}"
"CompBiggerEasy_(5,10)-(3,5)",sheep,"{""Name"":""CompBiggerEasy"",""Bigger_min"":5,""Bigger_max"":10,""Difference_min"":3,""Difference_max"":5}"
"CompBiggerEasy_(11,15)-(3,5)",sheep,"{""Name"":""CompBiggerEasy"",""Bigger_min"":11,""Bigger_max"":15,""Difference_min"":3,""Difference_max"":5}"
"CompBiggerEasy_(16,20)-(3,5)",sheep,"{""Name"":""CompBiggerEasy"",""Bigger_min"":16,""Bigger_max"":20,""Difference_min"":3,""Difference_max"":5}"
"CompBiggerEasy_(11,15)-(5,10)",sheep,"{""Name"":""CompBiggerEasy"",""Bigger_min"":11,""Bigger_max"":15,""Difference_min"":5,""Difference_max"":10}"
"CompBiggerEasy_(16,20)-(5,10)",sheep,"{""Name"":""CompBiggerEasy"",""Bigger_min"":16,""Bigger_max"":20,""Difference_min"":5,""Difference_max"":10}"
"CompBiggerEasy_(12,20)-(3,11)",sheep,"{""Name"":""CompBiggerEasy"",""Bigger_min"":12,""Bigger_max"":20,""Difference_min"":3,""Difference_max"":11}"
"CompBigger_(4,5)-(1,2)",sheep,"{""Name"":""CompBigger"",""Bigger_min"":4,""Bigger_max"":5,""Difference_min"":1,""Difference_max"":2}"
"CompBigger_(5,10)-(1,1)",sheep,"{""Name"":""CompBigger"",""Bigger_min"":5,""Bigger_max"":10,""Difference_min"":1,""Difference_max"":1}"
"CompBigger_(11,15)-(1,1)",sheep,"{""Name"":""CompBigger"",""Bigger_min"":11,""Bigger_max"":15,""Difference_min"":1,""Difference_max"":1}"
"CompBigger_(16,20)-(1,1)",sheep,"{""Name"":""CompBigger"",""Bigger_min"":16,""Bigger_max"":20,""Difference_min"":1,""Difference_max"":1}"
"CompBigger_(5,10)-(2,2)",sheep,"{""Name"":""CompBigger"",""Bigger_min"":5,""Bigger_max"":10,""Difference_min"":2,""Difference_max"":2}"
"CompBigger_(11,15)-(2,2)",sheep,"{""Name"":""CompBigger"",""Bigger_min"":11,""Bigger_max"":15,""Difference_min"":2,""Difference_max"":2}"
"CompBigger_(16,20)-(2,2)",sheep,"{""Name"":""CompBigger"",""Bigger_min"":16,""Bigger_max"":20,""Difference_min"":2,""Difference_max"":2}"
"CompBigger_(5,10)-(3,5)",sheep,"{""Name"":""CompBigger"",""Bigger_min"":5,""Bigger_max"":10,""Difference_min"":3,""Difference_max"":5}"
"CompBigger_(11,15)-(3,5)",sheep,"{""Name"":""CompBigger"",""Bigger_min"":11,""Bigger_max"":15,""Difference_min"":3,""Difference_max"":5}"
"CompBigger_(16,20)-(3,5)",sheep,"{""Name"":""CompBigger"",""Bigger_min"":16,""Bigger_max"":20,""Difference_min"":3,""Difference_max"":5}"
"CompBigger_(11,15)-(5,10)",sheep,"{""Name"":""CompBigger"",""Bigger_min"":11,""Bigger_max"":15,""Difference_min"":5,""Difference_max"":10}"
"CompBigger_(16,20)-(5,10)",sheep,"{""Name"":""CompBigger"",""Bigger_min"":16,""Bigger_max"":20,""Difference_min"":5,""Difference_max"":10}"
"CompBigger_(12,20)-(3,11)",sheep,"{""Name"":""CompBigger"",""Bigger_min"":12,""Bigger_max"":20,""Difference_min"":3,""Difference_max"":11}"
