category,bubble name
Comparison_5,"CompDiff_(4,5)-(1,2)"
Comparison_10,"CompDiff_(5,10)-(1,1)"
Comparison_15,"CompDiff_(11,15)-(1,1)"
Comparison_20,"CompDiff_(16,20)-(1,1)"
Comparison_10,"CompDiff_(5,10)-(2,2)"
Comparison_15,"CompDiff_(11,15)-(2,2)"
Comparison_20,"CompDiff_(16,20)-(2,2)"
Comparison_10,"CompDiff_(5,10)-(3,5)"
Comparison_15,"CompDiff_(11,15)-(3,5)"
Comparison_20,"CompDiff_(16,20)-(3,5)"
Comparison_15,"CompDiff_(11,15)-(5,10)"
Comparison_20,"CompDiff_(16,20)-(5,10)"
Comparison_20,"CompDiff_(12,20)-(3,11)"
Comparison_5,"CompSmallerEasy_(4,5)-(1,2)"
Comparison_10,"CompSmallerEasy_(5,10)-(1,1)"
Comparison_15,"CompSmallerEasy_(11,15)-(1,1)"
Comparison_20,"CompSmallerEasy_(16,20)-(1,1)"
Comparison_10,"CompSmallerEasy_(5,10)-(2,2)"
Comparison_15,"CompSmallerEasy_(11,15)-(2,2)"
Comparison_20,"CompSmallerEasy_(16,20)-(2,2)"
Comparison_10,"CompSmallerEasy_(5,10)-(3,5)"
Comparison_15,"CompSmallerEasy_(11,15)-(3,5)"
Comparison_20,"CompSmallerEasy_(16,20)-(3,5)"
Comparison_15,"CompSmallerEasy_(11,15)-(5,10)"
Comparison_20,"CompSmallerEasy_(16,20)-(5,10)"
Comparison_20,"CompSmallerEasy_(12,20)-(3,11)"
Comparison_5,"CompSmaller_(4,5)-(1,2)"
Comparison_10,"CompSmaller_(5,10)-(1,1)"
Comparison_15,"CompSmaller_(11,15)-(1,1)"
Comparison_20,"CompSmaller_(16,20)-(1,1)"
Comparison_10,"CompSmaller_(5,10)-(2,2)"
Comparison_15,"CompSmaller_(11,15)-(2,2)"
Comparison_20,"CompSmaller_(16,20)-(2,2)"
Comparison_10,"CompSmaller_(5,10)-(3,5)"
Comparison_15,"CompSmaller_(11,15)-(3,5)"
Comparison_20,"CompSmaller_(16,20)-(3,5)"
Comparison_15,"CompSmaller_(11,15)-(5,10)"
Comparison_20,"CompSmaller_(16,20)-(5,10)"
Comparison_20,"CompSmaller_(12,20)-(3,11)"
Comparison_5,"CompBiggerEasy_(4,5)-(1,2)"
Comparison_10,"CompBiggerEasy_(5,10)-(1,1)"
Comparison_15,"CompBiggerEasy_(11,15)-(1,1)"
Comparison_20,"CompBiggerEasy_(16,20)-(1,1)"
Comparison_10,"CompBiggerEasy_(5,10)-(2,2)"
Comparison_15,"CompBiggerEasy_(11,15)-(2,2)"
Comparison_20,"CompBiggerEasy_(16,20)-(2,2)"
Comparison_10,"CompBiggerEasy_(5,10)-(3,5)"
Comparison_15,"CompBiggerEasy_(11,15)-(3,5)"
Comparison_20,"CompBiggerEasy_(16,20)-(3,5)"
Comparison_15,"CompBiggerEasy_(11,15)-(5,10)"
Comparison_20,"CompBiggerEasy_(16,20)-(5,10)"
Comparison_20,"CompBiggerEasy_(12,20)-(3,11)"
Comparison_5,"CompBigger_(4,5)-(1,2)"
Comparison_10,"CompBigger_(5,10)-(1,1)"
Comparison_15,"CompBigger_(11,15)-(1,1)"
Comparison_20,"CompBigger_(16,20)-(1,1)"
Comparison_10,"CompBigger_(5,10)-(2,2)"
Comparison_15,"CompBigger_(11,15)-(2,2)"
Comparison_20,"CompBigger_(16,20)-(2,2)"
Comparison_10,"CompBigger_(5,10)-(3,5)"
Comparison_15,"CompBigger_(11,15)-(3,5)"
Comparison_20,"CompBigger_(16,20)-(3,5)"
Comparison_15,"CompBigger_(11,15)-(5,10)"
Comparison_20,"CompBigger_(16,20)-(5,10)"
Comparison_20,"CompBigger_(12,20)-(3,11)"
