name,game name,play parameters
PlaceNumber_1_10_1,path_forest,"{""InitialValue"":1,""LengthPath"":10,""Difficulty"":""easy""}"
PlaceNumber_1_10_2,path_forest,"{""InitialValue"":1,""LengthPath"":10,""Difficulty"":""medium""}"
PlaceNumber_1_10_3,path_forest,"{""InitialValue"":1,""LengthPath"":10,""Difficulty"":""hard""}"
PlaceNumber_5_10_1,path_forest,"{""InitialValue"":5,""LengthPath"":10,""Difficulty"":""easy""}"
PlaceNumber_5_10_2,path_forest,"{""InitialValue"":5,""LengthPath"":10,""Difficulty"":""medium""}"
PlaceNumber_5_10_3,path_forest,"{""InitialValue"":5,""LengthPath"":10,""Difficulty"":""hard""}"
PlaceNumber_11_10_1,path_forest,"{""InitialValue"":11,""LengthPath"":10,""Difficulty"":""easy""}"
PlaceNumber_11_10_2,path_forest,"{""InitialValue"":11,""LengthPath"":10,""Difficulty"":""medium""}"
PlaceNumber_11_10_3,path_forest,"{""InitialValue"":11,""LengthPath"":10,""Difficulty"":""hard""}"
PlaceNumber_1_20_1,path_forest,"{""InitialValue"":1,""LengthPath"":20,""Difficulty"":""easy""}"
PlaceNumber_1_20_2,path_forest,"{""InitialValue"":1,""LengthPath"":20,""Difficulty"":""medium""}"
PlaceNumber_1_20_3,path_forest,"{""InitialValue"":1,""LengthPath"":20,""Difficulty"":""hard""}"
PlaceNumber_5_20_1,path_forest,"{""InitialValue"":5,""LengthPath"":20,""Difficulty"":""easy""}"
PlaceNumber_5_20_2,path_forest,"{""InitialValue"":5,""LengthPath"":20,""Difficulty"":""medium""}"
PlaceNumber_5_20_3,path_forest,"{""InitialValue"":5,""LengthPath"":20,""Difficulty"":""hard""}"
PlaceNumber_1_30_1,path_forest,"{""InitialValue"":1,""LengthPath"":30,""Difficulty"":""easy""}"
PlaceNumber_1_30_2,path_forest,"{""InitialValue"":1,""LengthPath"":30,""Difficulty"":""medium""}"
PlaceNumber_1_30_3,path_forest,"{""InitialValue"":1,""LengthPath"":30,""Difficulty"":""hard""}"
PlaceNumber_1_40_1,path_forest,"{""InitialValue"":1,""LengthPath"":40,""Difficulty"":""easy""}"
PlaceNumber_1_40_2,path_forest,"{""InitialValue"":1,""LengthPath"":40,""Difficulty"":""medium""}"
PlaceNumber_1_40_3,path_forest,"{""InitialValue"":1,""LengthPath"":40,""Difficulty"":""hard""}"
PlaceNumber_11_40_1,path_forest,"{""InitialValue"":11,""LengthPath"":40,""Difficulty"":""easy""}"
PlaceNumber_11_40_2,path_forest,"{""InitialValue"":11,""LengthPath"":40,""Difficulty"":""medium""}"
PlaceNumber_11_40_3,path_forest,"{""InitialValue"":11,""LengthPath"":40,""Difficulty"":""hard""}"
PlaceNumber_21_40_1,path_forest,"{""InitialValue"":21,""LengthPath"":40,""Difficulty"":""easy""}"
PlaceNumber_21_40_2,path_forest,"{""InitialValue"":21,""LengthPath"":40,""Difficulty"":""medium""}"
PlaceNumber_21_40_3,path_forest,"{""InitialValue"":21,""LengthPath"":40,""Difficulty"":""hard""}"
PlaceNumber_31_40_1,path_forest,"{""InitialValue"":31,""LengthPath"":40,""Difficulty"":""easy""}"
PlaceNumber_31_40_2,path_forest,"{""InitialValue"":31,""LengthPath"":40,""Difficulty"":""medium""}"
PlaceNumber_31_40_3,path_forest,"{""InitialValue"":31,""LengthPath"":40,""Difficulty"":""hard""}"
PlaceNumber_41_40_1,path_forest,"{""InitialValue"":41,""LengthPath"":40,""Difficulty"":""easy""}"
PlaceNumber_41_40_2,path_forest,"{""InitialValue"":41,""LengthPath"":40,""Difficulty"":""medium""}"
PlaceNumber_41_40_3,path_forest,"{""InitialValue"":41,""LengthPath"":40,""Difficulty"":""hard""}"
PlaceNumber_51_40_1,path_forest,"{""InitialValue"":51,""LengthPath"":40,""Difficulty"":""easy""}"
PlaceNumber_51_40_2,path_forest,"{""InitialValue"":51,""LengthPath"":40,""Difficulty"":""medium""}"
PlaceNumber_51_40_3,path_forest,"{""InitialValue"":51,""LengthPath"":40,""Difficulty"":""hard""}"
PlaceNumber_61_40_1,path_forest,"{""InitialValue"":61,""LengthPath"":40,""Difficulty"":""easy""}"
PlaceNumber_61_40_2,path_forest,"{""InitialValue"":61,""LengthPath"":40,""Difficulty"":""medium""}"
PlaceNumber_61_40_3,path_forest,"{""InitialValue"":61,""LengthPath"":40,""Difficulty"":""hard""}"
PlaceNumber_71_40_1,path_forest,"{""InitialValue"":71,""LengthPath"":40,""Difficulty"":""easy""}"
PlaceNumber_71_40_2,path_forest,"{""InitialValue"":71,""LengthPath"":40,""Difficulty"":""medium""}"
PlaceNumber_71_40_3,path_forest,"{""InitialValue"":71,""LengthPath"":40,""Difficulty"":""hard""}"
PlaceNumber_81_40_1,path_forest,"{""InitialValue"":81,""LengthPath"":40,""Difficulty"":""easy""}"
PlaceNumber_81_40_2,path_forest,"{""InitialValue"":81,""LengthPath"":40,""Difficulty"":""medium""}"
PlaceNumber_81_40_3,path_forest,"{""InitialValue"":81,""LengthPath"":40,""Difficulty"":""hard""}"
