Category,name
Ordinal_1-10,PlaceNumber_1_10_1
Ordinal_1-10,PlaceNumber_1_10_2
Ordinal_1-10,PlaceNumber_1_10_3
Ordinal_11-20,PlaceNumber_5_10_1
Ordinal_11-20,PlaceNumber_5_10_2
Ordinal_11-20,PlaceNumber_5_10_3
Ordinal_11-20,PlaceNumber_11_10_1
Ordinal_11-20,PlaceNumber_11_10_2
Ordinal_11-20,PlaceNumber_11_10_3
Ordinal_11-20,PlaceNumber_1_20_1
Ordinal_11-20,PlaceNumber_1_20_2
Ordinal_11-20,PlaceNumber_1_20_3
Ordinal_20-70,PlaceNumber_5_20_1
Ordinal_20-70,PlaceNumber_5_20_2
Ordinal_20-70,PlaceNumber_5_20_3
Ordinal_20-70,PlaceNumber_1_30_1
Ordinal_20-70,PlaceNumber_1_30_2
Ordinal_20-70,PlaceNumber_1_30_3
Ordinal_20-70,PlaceNumber_1_40_1
Ordinal_20-70,PlaceNumber_1_40_2
Ordinal_20-70,PlaceNumber_1_40_3
Ordinal_20-70,PlaceNumber_11_40_1
Ordinal_20-70,PlaceNumber_11_40_2
Ordinal_20-70,PlaceNumber_11_40_3
Ordinal_20-70,PlaceNumber_21_40_1
Ordinal_20-70,PlaceNumber_21_40_2
Ordinal_20-70,PlaceNumber_21_40_3
Ordinal_20-70,PlaceNumber_31_40_1
Ordinal_20-70,PlaceNumber_31_40_2
Ordinal_20-70,PlaceNumber_31_40_3
Ordinal_70-120,PlaceNumber_41_40_1
Ordinal_70-120,PlaceNumber_41_40_2
Ordinal_70-120,PlaceNumber_41_40_3
Ordinal_70-120,PlaceNumber_51_40_1
Ordinal_70-120,PlaceNumber_51_40_2
Ordinal_70-120,PlaceNumber_51_40_3
Ordinal_70-120,PlaceNumber_61_40_1
Ordinal_70-120,PlaceNumber_61_40_2
Ordinal_70-120,PlaceNumber_61_40_3
Ordinal_70-120,PlaceNumber_71_40_1
Ordinal_70-120,PlaceNumber_71_40_2
Ordinal_70-120,PlaceNumber_71_40_3
Ordinal_70-120,PlaceNumber_81_40_1
Ordinal_70-120,PlaceNumber_81_40_2
Ordinal_70-120,PlaceNumber_81_40_3
