source,destination
PlaceNumber_1_10_1,PlaceNumber_1_10_2
PlaceNumber_1_10_2,PlaceNumber_1_10_3
PlaceNumber_1_10_1,PlaceNumber_5_10_1
PlaceNumber_1_10_2,PlaceNumber_5_10_2
PlaceNumber_1_10_3,PlaceNumber_5_10_3
PlaceNumber_5_10_1,PlaceNumber_5_10_2
PlaceNumber_5_10_2,PlaceNumber_5_10_3
PlaceNumber_5_10_1,PlaceNumber_11_10_1
PlaceNumber_5_10_2,PlaceNumber_11_10_2
PlaceNumber_5_10_3,PlaceNumber_11_10_3
PlaceNumber_11_10_1,PlaceNumber_11_10_2
PlaceNumber_11_10_2,PlaceNumber_11_10_3
PlaceNumber_11_10_1,PlaceNumber_1_20_1
PlaceNumber_11_10_2,PlaceNumber_1_20_2
PlaceNumber_11_10_3,PlaceNumber_1_20_3
PlaceNumber_1_20_1,PlaceNumber_1_20_2
PlaceNumber_1_20_2,PlaceNumber_1_20_3
PlaceNumber_1_20_1,PlaceNumber_5_20_1
PlaceNumber_1_20_2,PlaceNumber_5_20_2
PlaceNumber_1_20_3,PlaceNumber_5_20_3
PlaceNumber_5_20_1,PlaceNumber_5_20_2
PlaceNumber_5_20_2,PlaceNumber_5_20_3
PlaceNumber_5_20_1,PlaceNumber_1_30_1
PlaceNumber_5_20_2,PlaceNumber_1_30_2
PlaceNumber_5_20_3,PlaceNumber_1_30_3
PlaceNumber_1_30_1,PlaceNumber_1_30_2
PlaceNumber_1_30_2,PlaceNumber_1_30_3
PlaceNumber_1_30_1,PlaceNumber_1_40_1
PlaceNumber_1_30_2,PlaceNumber_1_40_2
PlaceNumber_1_30_3,PlaceNumber_1_40_3
PlaceNumber_1_40_1,PlaceNumber_1_40_2
PlaceNumber_1_40_2,PlaceNumber_1_40_3
PlaceNumber_1_40_1,PlaceNumber_11_40_1
PlaceNumber_1_40_2,PlaceNumber_11_40_2
PlaceNumber_1_40_3,PlaceNumber_11_40_3
PlaceNumber_11_40_1,PlaceNumber_11_40_2
PlaceNumber_11_40_2,PlaceNumber_11_40_3
PlaceNumber_11_40_1,PlaceNumber_21_40_1
PlaceNumber_11_40_2,PlaceNumber_21_40_2
PlaceNumber_11_40_3,PlaceNumber_21_40_3
PlaceNumber_21_40_1,PlaceNumber_21_40_2
PlaceNumber_21_40_2,PlaceNumber_21_40_3
PlaceNumber_21_40_1,PlaceNumber_31_40_1
PlaceNumber_21_40_2,PlaceNumber_31_40_2
PlaceNumber_21_40_3,PlaceNumber_31_40_3
PlaceNumber_31_40_1,PlaceNumber_31_40_2
PlaceNumber_31_40_2,PlaceNumber_31_40_3
PlaceNumber_31_40_1,PlaceNumber_41_40_1
PlaceNumber_31_40_2,PlaceNumber_41_40_2
PlaceNumber_31_40_3,PlaceNumber_41_40_3
PlaceNumber_41_40_1,PlaceNumber_41_40_2
PlaceNumber_41_40_2,PlaceNumber_41_40_3
PlaceNumber_41_40_1,PlaceNumber_51_40_1
PlaceNumber_41_40_2,PlaceNumber_51_40_2
PlaceNumber_41_40_3,PlaceNumber_51_40_3
PlaceNumber_51_40_1,PlaceNumber_51_40_2
PlaceNumber_51_40_2,PlaceNumber_51_40_3
PlaceNumber_51_40_1,PlaceNumber_61_40_1
PlaceNumber_51_40_2,PlaceNumber_61_40_2
PlaceNumber_51_40_3,PlaceNumber_61_40_3
PlaceNumber_61_40_1,PlaceNumber_61_40_2
PlaceNumber_61_40_2,PlaceNumber_61_40_3
PlaceNumber_61_40_1,PlaceNumber_71_40_1
PlaceNumber_61_40_2,PlaceNumber_71_40_2
PlaceNumber_61_40_3,PlaceNumber_71_40_3
PlaceNumber_71_40_1,PlaceNumber_71_40_2
PlaceNumber_71_40_2,PlaceNumber_71_40_3
PlaceNumber_71_40_1,PlaceNumber_81_40_1
PlaceNumber_71_40_2,PlaceNumber_81_40_2
PlaceNumber_71_40_3,PlaceNumber_81_40_3
PlaceNumber_81_40_1,PlaceNumber_81_40_2
PlaceNumber_81_40_2,PlaceNumber_81_40_3
