bubble name,game name,play parameters
HowMany_1-5,microscope,"{""min"":1,""max"":5}"
HowMany_6-10,microscope,"{""min"":6,""max"":10}"
HowMany_1-10,microscope,"{""min"":1,""max"":10}"
HowMany_11-15,microscope,"{""min"":11,""max"":15}"
HowMany_16-20,microscope,"{""min"":16,""max"":20}"
HowMany_1-20,microscope,"{""min"":1,""max"":20}"
HowMany_21-25,microscope,"{""min"":21,""max"":25}"
HowMany_26-30,microscope,"{""min"":26,""max"":30}"
HowMany_1-30,microscope,"{""min"":1,""max"":30}"
HowMany_31-40,microscope,"{""min"":31,""max"":40}"
HowMany_1-40,microscope,"{""min"":1,""max"":40}"
