source,destination
identify finger < = 3,identify mixed < = 5
identify finger < = 3,count informal < = 5 level 2
identify dice dots < = 3,identify mixed < = 5
identify dice dots < = 3,count informal < = 5 level 2
identify 5-frame < = 3,identify mixed < = 5
identify 5-frame < = 3,count informal < = 5 level 2
identify numeral < = 3,identify mixed < = 5
identify numeral < = 3,count numeral < = 5 level 2
identify mixed < = 5,identify mixed < = 10
identify mixed < = 5,subset mixed  < = 7 level 2
count informal < = 5 level 2,count informal < = 10 level 2
count informal < = 5 level 2,subset informal < = 7 level 2
count informal < = 5 level 2,subset mixed  < = 7 level 2
count numeral < = 5 level 2,count numeral < = 10 level 2
count numeral < = 5 level 2,subset numeral < = 7 level 2
count numeral < = 5 level 2,subset mixed  < = 7 level 2
