bubble name,game name,play parameters
identify finger < = 3,bird-monkey,"{""Category"":""Identify"",""Representation"":""Finger"",""Max"":3}"
identify finger < = 5,bird-monkey,"{""Category"":""Identify"",""Representation"":""Finger"",""Max"":5}"
identify finger < = 7,bird-monkey,"{""Category"":""Identify"",""Representation"":""Finger"",""Max"":7}"
identify finger < = 10,bird-monkey,"{""Category"":""Identify"",""Representation"":""Finger"",""Max"":10}"
identify dice dots < = 3,bird-monkey,"{""Category"":""Identify"",""Representation"":""Dice_Dots"",""Max"":3}"
identify dice dots < = 5,bird-monkey,"{""Category"":""Identify"",""Representation"":""Dice_Dots"",""Max"":5}"
identify dice dots < = 7,bird-monkey,"{""Category"":""Identify"",""Representation"":""Dice_Dots"",""Max"":7}"
identify dice dots < = 10,bird-monkey,"{""Category"":""Identify"",""Representation"":""Dice_Dots"",""Max"":10}"
identify 5-frame < = 3,bird-monkey,"{""Category"":""Identify"",""Representation"":""5-Frame"",""Max"":3}"
identify 5-frame < = 5,bird-monkey,"{""Category"":""Identify"",""Representation"":""5-Frame"",""Max"":5}"
identify 5-frame < = 7,bird-monkey,"{""Category"":""Identify"",""Representation"":""5-Frame"",""Max"":7}"
identify 5-frame < = 10,bird-monkey,"{""Category"":""Identify"",""Representation"":""5-Frame"",""Max"":10}"
identify 5-frame < = 15,bird-monkey,"{""Category"":""Identify"",""Representation"":""5-Frame"",""Max"":15}"
identify 5-frame < = 20,bird-monkey,"{""Category"":""Identify"",""Representation"":""5-Frame"",""Max"":20}"
identify numeral < = 3,bird-monkey,"{""Category"":""Identify"",""Representation"":""Numeral"",""Max"":3}"
identify numeral < = 5,bird-monkey,"{""Category"":""Identify"",""Representation"":""Numeral"",""Max"":5}"
identify numeral < = 7,bird-monkey,"{""Category"":""Identify"",""Representation"":""Numeral"",""Max"":7}"
identify numeral < = 10,bird-monkey,"{""Category"":""Identify"",""Representation"":""Numeral"",""Max"":10}"
identify numeral < = 15,bird-monkey,"{""Category"":""Identify"",""Representation"":""Numeral"",""Max"":15}"
identify numeral < = 20,bird-monkey,"{""Category"":""Identify"",""Representation"":""Numeral"",""Max"":20}"
identify mixed < = 3,bird-monkey,"{""Category"":""Identify"",""Representation"":""Mixed"",""Max"":3}"
identify mixed < = 5,bird-monkey,"{""Category"":""Identify"",""Representation"":""Mixed"",""Max"":5}"
identify mixed < = 7,bird-monkey,"{""Category"":""Identify"",""Representation"":""Mixed"",""Max"":7}"
identify mixed < = 10,bird-monkey,"{""Category"":""Identify"",""Representation"":""Mixed"",""Max"":10}"
count informal < = 3,bird-monkey,"{""Category"":""Count"",""Representation"":""Informal"",""Max"":3}"
count informal < = 5 level 1,bird-monkey,"{""Category"":""Count"",""Representation"":""Informal"",""Max"":5,""Level"":1}"
count informal < = 5 level 2,bird-monkey,"{""Category"":""Count"",""Representation"":""Informal"",""Max"":5,""Level"":2}"
count informal < = 5 level 3,bird-monkey,"{""Category"":""Count"",""Representation"":""Informal"",""Max"":5,""Level"":3}"
count informal < = 5 level 4,bird-monkey,"{""Category"":""Count"",""Representation"":""Informal"",""Max"":5,""Level"":4}"
count informal < = 7 level 1,bird-monkey,"{""Category"":""Count"",""Representation"":""Informal"",""Max"":7,""Level"":1}"
count informal < = 7 level 2,bird-monkey,"{""Category"":""Count"",""Representation"":""Informal"",""Max"":7,""Level"":2}"
count informal < = 7 level 3,bird-monkey,"{""Category"":""Count"",""Representation"":""Informal"",""Max"":7,""Level"":3}"
count informal < = 7 level 4,bird-monkey,"{""Category"":""Count"",""Representation"":""Informal"",""Max"":7,""Level"":4}"
count informal < = 10 level 1,bird-monkey,"{""Category"":""Count"",""Representation"":""Informal"",""Max"":10,""Level"":1}"
count informal < = 10 level 2,bird-monkey,"{""Category"":""Count"",""Representation"":""Informal"",""Max"":10,""Level"":2}"
count informal < = 10 level 3,bird-monkey,"{""Category"":""Count"",""Representation"":""Informal"",""Max"":10,""Level"":3}"
count informal < = 10 level 4,bird-monkey,"{""Category"":""Count"",""Representation"":""Informal"",""Max"":10,""Level"":4}"
count 5-frame < = 15 level 1,bird-monkey,"{""Category"":""Count"",""Representation"":""5-Frame"",""Max"":15,""Level"":1}"
count 5-frame < = 15 level 2,bird-monkey,"{""Category"":""Count"",""Representation"":""5-Frame"",""Max"":15,""Level"":2}"
count 5-frame < = 15 level 3,bird-monkey,"{""Category"":""Count"",""Representation"":""5-Frame"",""Max"":15,""Level"":3}"
count 5-frame < = 15 level 4,bird-monkey,"{""Category"":""Count"",""Representation"":""5-Frame"",""Max"":15,""Level"":4}"
count 5-frame < = 20 level 1,bird-monkey,"{""Category"":""Count"",""Representation"":""5-Frame"",""Max"":20,""Level"":1}"
count 5-frame < = 20 level 2,bird-monkey,"{""Category"":""Count"",""Representation"":""5-Frame"",""Max"":20,""Level"":2}"
count 5-frame < = 20 level 3,bird-monkey,"{""Category"":""Count"",""Representation"":""5-Frame"",""Max"":20,""Level"":3}"
count 5-frame < = 20 level 4,bird-monkey,"{""Category"":""Count"",""Representation"":""5-Frame"",""Max"":20,""Level"":4}"
count numeral < = 3,bird-monkey,"{""Category"":""Count"",""Representation"":""Numeral"",""Max"":3}"
count numeral < = 5 level 1,bird-monkey,"{""Category"":""Count"",""Representation"":""Numeral"",""Max"":5,""Level"":1}"
count numeral < = 5 level 2,bird-monkey,"{""Category"":""Count"",""Representation"":""Numeral"",""Max"":5,""Level"":2}"
count numeral < = 5 level 3,bird-monkey,"{""Category"":""Count"",""Representation"":""Numeral"",""Max"":5,""Level"":3}"
count numeral < = 5 level 4,bird-monkey,"{""Category"":""Count"",""Representation"":""Numeral"",""Max"":5,""Level"":4}"
count numeral < = 7 level 1,bird-monkey,"{""Category"":""Count"",""Representation"":""Numeral"",""Max"":7,""Level"":1}"
count numeral < = 7 level 2,bird-monkey,"{""Category"":""Count"",""Representation"":""Numeral"",""Max"":7,""Level"":2}"
count numeral < = 7 level 3,bird-monkey,"{""Category"":""Count"",""Representation"":""Numeral"",""Max"":7,""Level"":3}"
count numeral < = 7 level 4,bird-monkey,"{""Category"":""Count"",""Representation"":""Numeral"",""Max"":7,""Level"":4}"
count numeral < = 10 level 1,bird-monkey,"{""Category"":""Count"",""Representation"":""Numeral"",""Max"":10,""Level"":1}"
count numeral < = 10 level 2,bird-monkey,"{""Category"":""Count"",""Representation"":""Numeral"",""Max"":10,""Level"":2}"
count numeral < = 10 level 3,bird-monkey,"{""Category"":""Count"",""Representation"":""Numeral"",""Max"":10,""Level"":3}"
count numeral < = 10 level 4,bird-monkey,"{""Category"":""Count"",""Representation"":""Numeral"",""Max"":10,""Level"":4}"
count numeral < = 15 level 1,bird-monkey,"{""Category"":""Count"",""Representation"":""Numeral"",""Max"":15,""Level"":1}"
count numeral < = 15 level 2,bird-monkey,"{""Category"":""Count"",""Representation"":""Numeral"",""Max"":15,""Level"":2}"
count numeral < = 15 level 3,bird-monkey,"{""Category"":""Count"",""Representation"":""Numeral"",""Max"":15,""Level"":3}"
count numeral < = 15 level 4,bird-monkey,"{""Category"":""Count"",""Representation"":""Numeral"",""Max"":15,""Level"":4}"
count numeral < = 20 level 1,bird-monkey,"{""Category"":""Count"",""Representation"":""Numeral"",""Max"":20,""Level"":1}"
count numeral < = 20 level 2,bird-monkey,"{""Category"":""Count"",""Representation"":""Numeral"",""Max"":20,""Level"":2}"
count numeral < = 20 level 3,bird-monkey,"{""Category"":""Count"",""Representation"":""Numeral"",""Max"":20,""Level"":3}"
count numeral < = 20 level 4,bird-monkey,"{""Category"":""Count"",""Representation"":""Numeral"",""Max"":20,""Level"":4}"
count mixed  < = 3,bird-monkey,"{""Category"":""Count"",""Representation"":""Mixed"",""Max"":3}"
count mixed  < = 5 level 1,bird-monkey,"{""Category"":""Count"",""Representation"":""Mixed"",""Max"":5,""Level"":1}"
count mixed  < = 5 level 2,bird-monkey,"{""Category"":""Count"",""Representation"":""Mixed"",""Max"":5,""Level"":2}"
count mixed  < = 5 level 3,bird-monkey,"{""Category"":""Count"",""Representation"":""Mixed"",""Max"":5,""Level"":3}"
count mixed  < = 5 level 4,bird-monkey,"{""Category"":""Count"",""Representation"":""Mixed"",""Max"":5,""Level"":4}"
count mixed  < = 7 level 1,bird-monkey,"{""Category"":""Count"",""Representation"":""Mixed"",""Max"":7,""Level"":1}"
count mixed  < = 7 level 2,bird-monkey,"{""Category"":""Count"",""Representation"":""Mixed"",""Max"":7,""Level"":2}"
count mixed  < = 7 level 3,bird-monkey,"{""Category"":""Count"",""Representation"":""Mixed"",""Max"":7,""Level"":3}"
count mixed  < = 7 level 4,bird-monkey,"{""Category"":""Count"",""Representation"":""Mixed"",""Max"":7,""Level"":4}"
count mixed  < = 10 level 1,bird-monkey,"{""Category"":""Count"",""Representation"":""Mixed"",""Max"":10,""Level"":1}"
count mixed  < = 10 level 2,bird-monkey,"{""Category"":""Count"",""Representation"":""Mixed"",""Max"":10,""Level"":2}"
count mixed  < = 10 level 3,bird-monkey,"{""Category"":""Count"",""Representation"":""Mixed"",""Max"":10,""Level"":3}"
count mixed  < = 10 level 4,bird-monkey,"{""Category"":""Count"",""Representation"":""Mixed"",""Max"":10,""Level"":4}"
subset informal < = 3,bird-monkey,"{""Category"":""Subset"",""Representation"":""Informal"",""Max"":3}"
subset informal < = 5 level 1,bird-monkey,"{""Category"":""Subset"",""Representation"":""Informal"",""Max"":5,""Level"":1}"
subset informal < = 5 level 2,bird-monkey,"{""Category"":""Subset"",""Representation"":""Informal"",""Max"":5,""Level"":2}"
subset informal < = 5 level 3,bird-monkey,"{""Category"":""Subset"",""Representation"":""Informal"",""Max"":5,""Level"":3}"
subset informal < = 5 level 4,bird-monkey,"{""Category"":""Subset"",""Representation"":""Informal"",""Max"":5,""Level"":4}"
subset informal < = 7 level 1,bird-monkey,"{""Category"":""Subset"",""Representation"":""Informal"",""Max"":7,""Level"":1}"
subset informal < = 7 level 2,bird-monkey,"{""Category"":""Subset"",""Representation"":""Informal"",""Max"":7,""Level"":2}"
subset informal < = 7 level 3,bird-monkey,"{""Category"":""Subset"",""Representation"":""Informal"",""Max"":7,""Level"":3}"
subset informal < = 7 level 4,bird-monkey,"{""Category"":""Subset"",""Representation"":""Informal"",""Max"":7,""Level"":4}"
subset informal < = 10 level 1,bird-monkey,"{""Category"":""Subset"",""Representation"":""Informal"",""Max"":10,""Level"":1}"
subset informal < = 10 level 2,bird-monkey,"{""Category"":""Subset"",""Representation"":""Informal"",""Max"":10,""Level"":2}"
subset informal < = 10 level 3,bird-monkey,"{""Category"":""Subset"",""Representation"":""Informal"",""Max"":10,""Level"":3}"
subset informal < = 10 level 4,bird-monkey,"{""Category"":""Subset"",""Representation"":""Informal"",""Max"":10,""Level"":4}"
subset 5-frame < = 15 level 1,bird-monkey,"{""Category"":""Subset"",""Representation"":""5-Frame"",""Max"":15,""Level"":1}"
subset 5-frame < = 15 level 2,bird-monkey,"{""Category"":""Subset"",""Representation"":""5-Frame"",""Max"":15,""Level"":2}"
subset 5-frame < = 20 level 1,bird-monkey,"{""Category"":""Subset"",""Representation"":""5-Frame"",""Max"":20,""Level"":1}"
subset 5-frame < = 20 level 2,bird-monkey,"{""Category"":""Subset"",""Representation"":""5-Frame"",""Max"":20,""Level"":2}"
subset numeral < = 3,bird-monkey,"{""Category"":""Subset"",""Representation"":""Numeral"",""Max"":3}"
subset numeral < = 5 level 1,bird-monkey,"{""Category"":""Subset"",""Representation"":""Numeral"",""Max"":5,""Level"":1}"
subset numeral < = 5 level 2,bird-monkey,"{""Category"":""Subset"",""Representation"":""Numeral"",""Max"":5,""Level"":2}"
subset numeral < = 5 level 3,bird-monkey,"{""Category"":""Subset"",""Representation"":""Numeral"",""Max"":5,""Level"":3}"
subset numeral < = 5 level 4,bird-monkey,"{""Category"":""Subset"",""Representation"":""Numeral"",""Max"":5,""Level"":4}"
subset numeral < = 7 level 1,bird-monkey,"{""Category"":""Subset"",""Representation"":""Numeral"",""Max"":7,""Level"":1}"
subset numeral < = 7 level 2,bird-monkey,"{""Category"":""Subset"",""Representation"":""Numeral"",""Max"":7,""Level"":2}"
subset numeral < = 7 level 3,bird-monkey,"{""Category"":""Subset"",""Representation"":""Numeral"",""Max"":7,""Level"":3}"
subset numeral < = 7 level 4,bird-monkey,"{""Category"":""Subset"",""Representation"":""Numeral"",""Max"":7,""Level"":4}"
subset numeral < = 10 level 1,bird-monkey,"{""Category"":""Subset"",""Representation"":""Numeral"",""Max"":10,""Level"":1}"
subset numeral < = 10 level 2,bird-monkey,"{""Category"":""Subset"",""Representation"":""Numeral"",""Max"":10,""Level"":2}"
subset numeral < = 10 level 3,bird-monkey,"{""Category"":""Subset"",""Representation"":""Numeral"",""Max"":10,""Level"":3}"
subset numeral < = 10 level 4,bird-monkey,"{""Category"":""Subset"",""Representation"":""Numeral"",""Max"":10,""Level"":4}"
subset numeral < = 15 level 1,bird-monkey,"{""Category"":""Subset"",""Representation"":""Numeral"",""Max"":15,""Level"":1}"
subset numeral < = 15 level 2,bird-monkey,"{""Category"":""Subset"",""Representation"":""Numeral"",""Max"":15,""Level"":2}"
subset numeral < = 20 level 1,bird-monkey,"{""Category"":""Subset"",""Representation"":""Numeral"",""Max"":20,""Level"":1}"
subset numeral < = 20 level 2,bird-monkey,"{""Category"":""Subset"",""Representation"":""Numeral"",""Max"":20,""Level"":2}"
subset mixed  < = 3,bird-monkey,"{""Category"":""Subset"",""Representation"":""Mixed"",""Max"":3}"
subset mixed  < = 5 level 1,bird-monkey,"{""Category"":""Subset"",""Representation"":""Mixed"",""Max"":5,""Level"":1}"
subset mixed  < = 5 level 2,bird-monkey,"{""Category"":""Subset"",""Representation"":""Mixed"",""Max"":5,""Level"":2}"
subset mixed  < = 5 level 3,bird-monkey,"{""Category"":""Subset"",""Representation"":""Mixed"",""Max"":5,""Level"":3}"
subset mixed  < = 5 level 4,bird-monkey,"{""Category"":""Subset"",""Representation"":""Mixed"",""Max"":5,""Level"":4}"
subset mixed  < = 7 level 1,bird-monkey,"{""Category"":""Subset"",""Representation"":""Mixed"",""Max"":7,""Level"":1}"
subset mixed  < = 7 level 2,bird-monkey,"{""Category"":""Subset"",""Representation"":""Mixed"",""Max"":7,""Level"":2}"
subset mixed  < = 7 level 3,bird-monkey,"{""Category"":""Subset"",""Representation"":""Mixed"",""Max"":7,""Level"":3}"
subset mixed  < = 7 level 4,bird-monkey,"{""Category"":""Subset"",""Representation"":""Mixed"",""Max"":7,""Level"":4}"
subset mixed  < = 10 level 1,bird-monkey,"{""Category"":""Subset"",""Representation"":""Mixed"",""Max"":10,""Level"":1}"
subset mixed  < = 10 level 2,bird-monkey,"{""Category"":""Subset"",""Representation"":""Mixed"",""Max"":10,""Level"":2}"
subset mixed  < = 10 level 3,bird-monkey,"{""Category"":""Subset"",""Representation"":""Mixed"",""Max"":10,""Level"":3}"
subset mixed  < = 10 level 4,bird-monkey,"{""Category"":""Subset"",""Representation"":""Mixed"",""Max"":10,""Level"":4}"
