source,destination
identify finger < = 3,identify mixed < = 3
identify finger < = 5,identify mixed < = 5
identify finger < = 7,identify mixed < = 7
identify finger < = 10,identify mixed < = 10
identify dice dots < = 3,identify mixed < = 3
identify dice dots < = 5,identify mixed < = 5
identify dice dots < = 7,identify mixed < = 7
identify dice dots < = 10,identify mixed < = 10
identify 5-frame < = 3,identify mixed < = 3
identify 5-frame < = 5,identify mixed < = 5
identify 5-frame < = 7,identify mixed < = 7
identify 5-frame < = 10,identify mixed < = 10
identify numeral < = 3,identify mixed < = 3
identify numeral < = 5,identify mixed < = 5
identify numeral < = 7,identify mixed < = 7
identify numeral < = 10,identify mixed < = 10
identify finger < = 3,identify finger < = 5
identify finger < = 3,count informal < = 3 
identify dice dots < = 3,identify dice dots < = 5
identify dice dots < = 3,count informal < = 3 
identify 5-frame < = 3,identify 5-frame < = 5
identify 5-frame < = 3,count informal < = 3 
identify numeral < = 3,identify numeral < = 5
identify numeral < = 3,count numeral < = 3 
identify mixed < = 3,identify mixed < = 5
identify mixed < = 3,count mixed  < = 3 
identify finger < = 5,identify finger < = 7
identify finger < = 5,count informal < = 5 level 1
identify dice dots < = 5,identify dice dots < = 7
identify dice dots < = 5,count informal < = 5 level 1
identify 5-frame < = 5,identify 5-frame < = 7
identify 5-frame < = 5,count informal < = 5 level 1
count informal < = 3 ,count informal < = 5 level 1
identify numeral < = 5,identify numeral < = 7
identify numeral < = 5,count numeral < = 5 level 1
count numeral < = 3 ,count numeral < = 5 level 1
identify mixed < = 5,identify mixed < = 7
identify mixed < = 5,count mixed  < = 5 level 1
identify finger < = 7,identify finger < = 10
identify finger < = 7,count informal < = 7 level 1
identify dice dots < = 7,identify dice dots < = 10
identify dice dots < = 7,count informal < = 7 level 1
identify 5-frame < = 7,identify 5-frame < = 10
identify 5-frame < = 7,count informal < = 7 level 1
count informal < = 5 level 1,count informal < = 7 level 1
count informal < = 5 level 1,count informal < = 5 level 2
identify numeral < = 7,identify numeral < = 10
identify numeral < = 7,count numeral < = 7 level 1
count numeral < = 5 level 1,count numeral < = 7 level 1
count numeral < = 5 level 1,count numeral < = 5 level 2
identify mixed < = 7,identify mixed < = 10
identify mixed < = 7,count mixed  < = 7 level 1
identify finger < = 10,count informal < = 10 level 1
identify dice dots < = 10,count informal < = 10 level 1
identify 5-frame < = 10,identify 5-frame < = 15
identify 5-frame < = 10,count informal < = 10 level 1
count informal < = 7 level 1,count informal < = 10 level 1
count informal < = 7 level 1,count informal < = 7 level 2
count informal < = 5 level 2,count informal < = 7 level 2
count informal < = 5 level 2,count informal < = 5 level 3
identify numeral < = 10,identify numeral < = 15
identify numeral < = 10,count numeral < = 10 level 1
count numeral < = 7 level 1,count numeral < = 10 level 1
count numeral < = 7 level 1,count numeral < = 7 level 2
count numeral < = 5 level 2,count numeral < = 7 level 2
count numeral < = 5 level 2,count numeral < = 5 level 3
identify mixed < = 10,count mixed  < = 10 level 1
identify 5-frame < = 15,identify 5-frame < = 20
identify 5-frame < = 15,count 5-frame < = 15 level 1
count informal < = 10 level 1,count 5-frame < = 15 level 1
count informal < = 10 level 1,count informal < = 10 level 2
count informal < = 7 level 2,count informal < = 10 level 2
count informal < = 7 level 2,count informal < = 7 level 3
count informal < = 5 level 3,count informal < = 5 level 4
count informal < = 5 level 3,count informal < = 7 level 3
identify numeral < = 15,identify numeral < = 20
identify numeral < = 15,count numeral < = 15 level 1
count numeral < = 10 level 1,count numeral < = 15 level 1
count numeral < = 10 level 1,count numeral < = 10 level 2
count numeral < = 7 level 2,count numeral < = 10 level 2
count numeral < = 7 level 2,count numeral < = 7 level 3
count numeral < = 5 level 3,count numeral < = 5 level 4
count numeral < = 5 level 3,count numeral < = 7 level 3
identify 5-frame < = 20,count 5-frame < = 20 level 1
count 5-frame < = 15 level 1,count 5-frame < = 20 level 1
count 5-frame < = 15 level 1,count 5-frame < = 15 level 2
count informal < = 10 level 2,count 5-frame < = 15 level 2
count informal < = 10 level 2,count informal < = 10 level 3
count informal < = 5 level 4,count mixed  < = 3 
count informal < = 5 level 4,count informal < = 7 level 4
count informal < = 5 level 4,subset informal < = 3 
count informal < = 7 level 3,count informal < = 7 level 4
count informal < = 7 level 3,count informal < = 10 level 3
identify numeral < = 20,count numeral < = 20 level 1
count numeral < = 15 level 1,count numeral < = 20 level 1
count numeral < = 15 level 1,count numeral < = 15 level 2
count numeral < = 10 level 2,count numeral < = 15 level 2
count numeral < = 10 level 2,count numeral < = 10 level 3
count numeral < = 5 level 4,count mixed  < = 3 
count numeral < = 5 level 4,count numeral < = 7 level 4
count numeral < = 5 level 4,subset numeral < = 3 
count numeral < = 7 level 3,count numeral < = 7 level 4
count numeral < = 7 level 3,count numeral < = 10 level 3
count 5-frame < = 20 level 1,count 5-frame < = 20 level 2
count 5-frame < = 15 level 2,count 5-frame < = 20 level 2
count 5-frame < = 15 level 2,count 5-frame < = 15 level 3
subset informal < = 3 ,subset informal < = 5 level 1
count informal < = 7 level 4,count informal < = 10 level 4
count informal < = 10 level 3,count informal < = 10 level 4
count informal < = 10 level 3,count 5-frame < = 15 level 3
count numeral < = 20 level 1,count numeral < = 20 level 2
count numeral < = 15 level 2,count numeral < = 20 level 2
count numeral < = 15 level 2,count numeral < = 15 level 3
count mixed  < = 3 ,count mixed  < = 5 level 1
subset numeral < = 3 ,subset numeral < = 5 level 1
count numeral < = 7 level 4,count numeral < = 10 level 4
count numeral < = 10 level 3,count numeral < = 10 level 4
count numeral < = 10 level 3,count numeral < = 15 level 3
count 5-frame < = 20 level 2,count 5-frame < = 20 level 3
subset informal < = 5 level 1,subset informal < = 5 level 2
subset informal < = 5 level 1,subset informal < = 7 level 1
count informal < = 10 level 4,count 5-frame < = 15 level 4
count 5-frame < = 15 level 3,count 5-frame < = 15 level 4
count 5-frame < = 15 level 3,count 5-frame < = 20 level 3
count numeral < = 20 level 2,count numeral < = 20 level 3
count mixed  < = 5 level 1,count mixed  < = 7 level 1
count mixed  < = 5 level 1,count mixed  < = 5 level 2
subset numeral < = 5 level 1,subset numeral < = 5 level 2
subset numeral < = 5 level 1,subset numeral < = 7 level 1
count numeral < = 10 level 4,count numeral < = 15 level 4
count numeral < = 15 level 3,count numeral < = 15 level 4
count numeral < = 15 level 3,count numeral < = 20 level 3
subset informal < = 5 level 2,subset informal < = 5 level 3
subset informal < = 5 level 2,subset informal < = 7 level 2
subset informal < = 7 level 1,subset informal < = 7 level 2
subset informal < = 7 level 1,subset informal < = 10 level 1
count 5-frame < = 15 level 4,count 5-frame < = 20 level 4
count 5-frame < = 20 level 3,count 5-frame < = 20 level 4
count mixed  < = 7 level 1,count mixed  < = 10 level 1
count mixed  < = 7 level 1,count mixed  < = 7 level 2
count mixed  < = 5 level 2,count mixed  < = 7 level 2
count mixed  < = 5 level 2,count mixed  < = 5 level 3
subset numeral < = 5 level 2,subset numeral < = 5 level 3
subset numeral < = 5 level 2,subset numeral < = 7 level 2
subset numeral < = 7 level 1,subset numeral < = 7 level 2
subset numeral < = 7 level 1,subset numeral < = 10 level 1
count numeral < = 15 level 4,count numeral < = 20 level 4
count numeral < = 20 level 3,count numeral < = 20 level 4
subset informal < = 5 level 3,subset informal < = 5 level 4
subset informal < = 5 level 3,subset informal < = 7 level 3
subset informal < = 7 level 2,subset informal < = 7 level 3
subset informal < = 7 level 2,subset informal < = 10 level 2
subset informal < = 10 level 1,subset informal < = 10 level 2
subset informal < = 10 level 1,subset 5-frame < = 15 level 1
count mixed  < = 10 level 1,count mixed  < = 10 level 2
count mixed  < = 7 level 2,count mixed  < = 10 level 2
count mixed  < = 7 level 2,count mixed  < = 7 level 3
count mixed  < = 5 level 3,count mixed  < = 5 level 4
count mixed  < = 5 level 3,count mixed  < = 7 level 3
subset numeral < = 5 level 3,subset numeral < = 5 level 4
subset numeral < = 5 level 3,subset numeral < = 7 level 3
subset numeral < = 7 level 2,subset numeral < = 7 level 3
subset numeral < = 7 level 2,subset numeral < = 10 level 2
subset numeral < = 10 level 1,subset numeral < = 10 level 2
subset numeral < = 10 level 1,subset numeral < = 15 level 1
subset informal < = 5 level 4,subset informal < = 7 level 4
subset informal < = 5 level 4,subset mixed  < = 3 
subset informal < = 7 level 3,subset informal < = 7 level 4
subset informal < = 7 level 3,subset informal < = 10 level 3
subset informal < = 10 level 2,subset informal < = 10 level 3
subset 5-frame < = 15 level 1,subset 5-frame < = 15 level 2
subset 5-frame < = 15 level 1,subset 5-frame < = 20 level 1
count mixed  < = 10 level 2,count mixed  < = 10 level 3
count mixed  < = 5 level 4,subset mixed  < = 3 
count mixed  < = 5 level 4,count mixed  < = 7 level 4
count mixed  < = 7 level 3,count mixed  < = 7 level 4
count mixed  < = 7 level 3,count mixed  < = 10 level 3
subset numeral < = 5 level 4,subset numeral < = 7 level 4
subset numeral < = 7 level 3,subset numeral < = 7 level 4
subset numeral < = 7 level 3,subset numeral < = 10 level 3
subset numeral < = 10 level 2,subset numeral < = 10 level 3
subset numeral < = 15 level 1,subset numeral < = 15 level 2
subset numeral < = 15 level 1,subset numeral < = 20 level 1
subset informal < = 7 level 4,subset informal < = 10 level 4
subset informal < = 10 level 4,subset 5-frame < = 15 level 2
subset informal < = 10 level 3,subset informal < = 10 level 4
subset 5-frame < = 15 level 2,subset 5-frame < = 20 level 2
subset 5-frame < = 20 level 1,subset 5-frame < = 20 level 2
count mixed  < = 7 level 4,count mixed  < = 10 level 4
count mixed  < = 10 level 3,count mixed  < = 10 level 4
subset mixed  < = 3 ,subset mixed  < = 5 level 1
subset numeral < = 7 level 4,subset numeral < = 10 level 4
subset numeral < = 10 level 3,subset numeral < = 10 level 4
subset numeral < = 10 level 4,subset numeral < = 15 level 2
subset numeral < = 15 level 2,subset numeral < = 20 level 2
subset numeral < = 20 level 1,subset numeral < = 20 level 2
subset mixed  < = 5 level 1,subset mixed  < = 5 level 2
subset mixed  < = 5 level 1,subset mixed  < = 7 level 1
subset mixed  < = 5 level 2,subset mixed  < = 5 level 3
subset mixed  < = 5 level 2,subset mixed  < = 7 level 2
subset mixed  < = 7 level 1,subset mixed  < = 7 level 2
subset mixed  < = 7 level 1,subset mixed  < = 10 level 1
subset mixed  < = 5 level 3,subset mixed  < = 5 level 4
subset mixed  < = 5 level 3,subset mixed  < = 7 level 3
subset mixed  < = 7 level 2,subset mixed  < = 7 level 3
subset mixed  < = 7 level 2,subset mixed  < = 10 level 2
subset mixed  < = 10 level 1,subset mixed  < = 10 level 2
subset mixed  < = 5 level 4,subset mixed  < = 7 level 4
subset mixed  < = 7 level 3,subset mixed  < = 7 level 4
subset mixed  < = 7 level 3,subset mixed  < = 10 level 3
subset mixed  < = 10 level 2,subset mixed  < = 10 level 3
subset mixed  < = 7 level 4,subset mixed  < = 10 level 4
subset mixed  < = 10 level 3,subset mixed  < = 10 level 4
count 5-frame < = 15 level 4,subset 5-frame < = 15 level 1
count informal < = 10 level 4,subset informal < = 10 level 1
count informal < = 7 level 4,subset informal < = 7 level 1
count mixed  < = 7 level 4,subset mixed  < = 7 level 1
count mixed  < = 10 level 3,subset mixed  < = 10 level 1
count numeral < = 7 level 4,subset numeral < = 7 level 1
count numeral < = 10 level 4,subset numeral < = 10 level 1
count numeral < = 15 level 4,subset numeral < = 15 level 1
