category,bubble name
CountOn_10,"TakeFromResultCountOn_(5,10)-(1,1)"
CountOn_15,"TakeFromResultCountOn_(11,15)-(1,1)"
CountOn_20,"TakeFromResultCountOn_(16,20)-(1,1)"
CountOn_10,"TakeFromResultCountOn_(8,10)-(2,2)"
CountOn_15,"TakeFromResultCountOn_(11,15)-(2,2)"
CountOn_20,"TakeFromResultCountOn_(16,20)-(2,2)"
CountOn_15,"TakeFromResultCountOn_(11,15)-(3,3)"
CountOn_20,"TakeFromResultCountOn_(16,20)-(3,3)"
CountOn_10,"AddToChangeColor_(5,10)-(1,1)"
CountOn_15,"AddToChangeColor_(11,15)-(1,1)"
CountOn_20,"AddToChangeColor_(16,20)-(1,1)"
CountOn_10,"AddToChangeColor_(5,10)-(2,2)"
CountOn_15,"AddToChangeColor_(11,15)-(2,2)"
CountOn_20,"AddToChangeColor_(16,20)-(2,2)"
CountOn_20,"AddToChangeColor_(12,20)-(3,11)"
CountOn_10,"AddToChange_(5,10)-(1,1)"
CountOn_15,"AddToChange_(11,15)-(1,1)"
CountOn_20,"AddToChange_(16,20)-(1,1)"
CountOn_10,"AddToChange_(5,10)-(2,2)"
CountOn_15,"AddToChange_(11,15)-(2,2)"
CountOn_20,"AddToChange_(16,20)-(2,2)"
CountOn_10,"AddToChange_(8,10)-(3,5)"
CountOn_15,"AddToChange_(11,15)-(3,5)"
CountOn_20,"AddToChange_(16,20)-(3,5)"
CountOn_15,"AddToChange_(11,15)-(5,10)"
CountOn_20,"AddToChange_(16,20)-(5,10)"
CountOn_20,"AddToChange_(12,20)-(3,11)"
CountOn_10,"TakeFromChange_(5,10)-(1,1)"
CountOn_15,"TakeFromChange_(11,15)-(1,1)"
CountOn_20,"TakeFromChange_(16,20)-(1,1)"
CountOn_10,"TakeFromChange_(5,10)-(2,2)"
CountOn_15,"TakeFromChange_(11,15)-(2,2)"
CountOn_20,"TakeFromChange_(16,20)-(2,2)"
CountOn_10,"TakeFromChange_(8,10)-(3,5)"
CountOn_15,"TakeFromChange_(11,15)-(3,5)"
CountOn_20,"TakeFromChange_(16,20)-(3,5)"
CountOn_15,"TakeFromChange_(11,15)-(5,10)"
CountOn_20,"TakeFromChange_(16,20)-(5,10)"
CountOn_20,"TakeFromChange_(12,20)-(3,11)"
CountOn_5,"PutTogetherAddend_2,5"
CountOn_10,"PutTogetherAddend_5,8"
CountOn_10,"PutTogetherAddend_7,9"
CountOn_10,"PutTogetherAddend_8,10"
CountOn_15,"PutTogetherAddend_10,13"
CountOn_15,"PutTogetherAddend_12,14"
CountOn_15,"PutTogetherAddend_13,15"
CountOn_20,"PutTogetherAddend_15,18"
CountOn_20,"PutTogetherAddend_17,19"
CountOn_20,"PutTogetherAddend_18,20"
CountOn_20,"PutTogetherAddend_14,20"
