source,destination
"AddToResult_(4,4)-(1,3)","AddToResult_(6,8)-(1,1)"
"AddToResult_(6,8)-(1,1)","AddToResult_(8,10)-(2,2)"
"AddToResult_(4,4)-(1,3)","TakeFromResult_(4,4)-(1,3)"
"TakeFromResult_(4,4)-(1,3)","TakeFromResult_(6,8)-(1,1)"
"TakeFromResult_(6,8)-(1,1)","TakeFromResult_(8,10)-(2,2)"
"AddToResult_(4,4)-(1,3)","AddToResultCov_(4,5)-(1,1)"
"AddToResultCov_(4,5)-(1,1)","AddToResultCov_(6,8)-(1,1)"
"AddToResultCov_(6,8)-(1,1)","AddToResultCov_(8,10)-(2,2)"
"PutTogetherTotal_2,5","PutTogetherTotal_5,8"
"PutTogetherTotal_5,8","PutTogetherTotal_8,10"
"PutTogetherTotal_2,5","PutTogetherTotalCov_2,5"
"PutTogetherTotalCov_2,5","PutTogetherTotalCov_5,8"
"PutTogetherTotalCov_5,8","PutTogetherTotalCov_8,10"
"PutTogetherTotal_2,5","TakeFromResult_(4,4)-(1,3)"
"TakeFromResult_(4,4)-(1,3)","TakeFromResultCov_(4,5)-(1,1)"
"TakeFromResultCov_(4,5)-(1,1)","TakeFromResultCov_(6,8)-(1,1)"
"TakeFromResultCov_(6,8)-(1,1)","TakeFromResultCov_(8,10)-(2,2)"
