source,destination
"AddToResult_(4,4)-(1,3)","AddToResult_(6,8)-(1,1)"
"AddToResult_(4,4)-(1,3)","TakeFromResult_(4,4)-(1,3)"
"AddToResult_(4,4)-(1,3)","AddToResultCov_(4,5)-(1,1)"
"PutTogetherTotal_2,5","PutTogetherTotal_5,8"
"PutTogetherTotal_2,5","PutTogetherTotalCov_2,5"
"PutTogetherTotal_2,5","TakeFromResult_(4,4)-(1,3)"
"AddToResult_(6,8)-(1,1)","AddToResult_(8,10)-(2,2)"
"AddToResultCov_(4,5)-(1,1)","AddToResultCov_(6,8)-(1,1)"
"PutTogetherTotal_5,8","PutTogetherTotal_10,13"
"PutTogetherTotalCov_2,5","PutTogetherTotalCov_5,8"
"TakeFromResult_(4,4)-(1,3)","TakeFromResult_(6,8)-(1,1)"
"TakeFromResult_(4,4)-(1,3)","TakeFromResultCov_(4,5)-(1,1)"
"AddToResult_(8,10)-(2,2)","AddToResult_(11,15)-(3,5)"
"AddToResultCov_(6,8)-(1,1)","PutTogetherTotalCov_10,13"
"AddToResultCov_(6,8)-(1,1)","AddToResultCov_(11,15)-(1,1)"
"PutTogetherTotalCov_5,8","PutTogetherTotalCov_10,13"
"TakeFromResult_(6,8)-(1,1)","TakeFromResult_(8,10)-(2,2)"
"TakeFromResultCov_(4,5)-(1,1)","TakeFromResultCov_(6,8)-(1,1)"
"AddToResultCov_(11,15)-(1,1)","AddToResultCov_(16,20)-(2,2)"
"TakeFromResult_(8,10)-(2,2)","TakeFromResult_(11,15)-(3,5)"
"TakeFromResultCov_(6,8)-(1,1)","TakeFromResultCov_(11,15)-(1,1)"
"TakeFromResultCov_(11,15)-(1,1)","TakeFromResultCov_(16,20)-(2,2)"
