category name,bubble name
CountAll_1-5,"AddToResult_(4,4)-(1,3)"
CountAll_1-5,"AddToResult_(5,5)-(1,4)"
CountAll_1-5,"TakeFromResultCov_(4,5)-(1,1)"
CountAll_6-10,"AddToResult_(6,8)-(1,1)"
CountAll_6-10,"AddToResult_(8,10)-(1,1)"
CountAll_11-15,"AddToResult_(11,15)-(1,1)"
CountAll_16-20,"AddToResult_(16,20)-(1,1)"
CountAll_6-10,"AddToResult_(6,8)-(2,2)"
CountAll_6-10,"AddToResult_(8,10)-(2,2)"
CountAll_11-15,"AddToResult_(11,15)-(2,2)"
CountAll_16-20,"AddToResult_(16,20)-(2,2)"
CountAll_6-10,"AddToResult_(6,10)-(3,5)"
CountAll_11-15,"AddToResult_(11,15)-(3,5)"
CountAll_16-20,"AddToResult_(16,20)-(3,5)"
CountAll_11-15,"AddToResult_(11,15)-(5,10)"
CountAll_16-20,"AddToResult_(16,20)-(5,10)"
CountAll_16-20,"AddToResult_(12,20)-(3,11)"
CountAll_1-5,"TakeFromResult_(4,4)-(1,3)"
CountAll_1-5,"TakeFromResult_(5,5)-(1,4)"
CountAll_6-10,"TakeFromResult_(6,8)-(1,1)"
CountAll_6-10,"TakeFromResult_(8,10)-(1,1)"
CountAll_11-15,"TakeFromResult_(11,15)-(1,1)"
CountAll_16-20,"TakeFromResult_(16,20)-(1,1)"
CountAll_6-10,"TakeFromResult_(6,8)-(2,2)"
CountAll_6-10,"TakeFromResult_(8,10)-(2,2)"
CountAll_11-15,"TakeFromResult_(11,15)-(2,2)"
CountAll_16-20,"TakeFromResult_(16,20)-(2,2)"
CountAll_6-10,"TakeFromResult_(6,10)-(3,5)"
CountAll_11-15,"TakeFromResult_(11,15)-(3,5)"
CountAll_16-20,"TakeFromResult_(16,20)-(3,5)"
CountAll_11-15,"TakeFromResult_(11,15)-(5,10)"
CountAll_16-20,"TakeFromResult_(16,20)-(5,10)"
CountAll_16-20,"TakeFromResult_(12,20)-(3,11)"
CountAll_1-5,"PutTogetherTotal_2,5"
CountAll_6-10,"PutTogetherTotal_5,8"
CountAll_6-10,"PutTogetherTotal_7,9"
CountAll_6-10,"PutTogetherTotal_8,10"
CountAll_6-10,"PutTogetherTotal_10,13"
CountAll_11-15,"PutTogetherTotal_12,14"
CountAll_11-15,"PutTogetherTotal_13,15"
CountAll_11-15,"PutTogetherTotal_15,18"
CountAll_11-15,"PutTogetherTotal_17,19"
CountAll_16-20,"PutTogetherTotal_18,20"
CountAll_16-20,"PutTogetherTotal_14,20"
CountAll_1-5,"AddToResultCov_(4,5)-(1,1)"
CountAll_6-10,"AddToResultCov_(6,8)-(1,1)"
CountAll_6-10,"AddToResultCov_(8,10)-(1,1)"
CountAll_11-15,"AddToResultCov_(11,15)-(1,1)"
CountAll_16-20,"AddToResultCov_(16,20)-(1,1)"
CountAll_6-10,"AddToResultCov_(6,8)-(2,2)"
CountAll_6-10,"AddToResultCov_(8,10)-(2,2)"
CountAll_11-15,"AddToResultCov_(11,15)-(2,2)"
CountAll_16-20,"AddToResultCov_(16,20)-(2,2)"
CountAll_6-10,"AddToResultCov_(6,8)-(3,3)"
CountAll_6-10,"AddToResultCov_(8,10)-(3,3)"
CountAll_11-15,"AddToResultCov_(11,15)-(3,3)"
CountAll_16-20,"AddToResultCov_(16,20)-(3,3)"
CountAll_16-20,"AddToResultCov_(10,20)-(1,3)"
CountAll_6-10,"TakeFromResultCov_(6,8)-(1,1)"
CountAll_6-10,"TakeFromResultCov_(8,10)-(1,1)"
CountAll_11-15,"TakeFromResultCov_(11,15)-(1,1)"
CountAll_16-20,"TakeFromResultCov_(16,20)-(1,1)"
CountAll_6-10,"TakeFromResultCov_(6,8)-(2,2)"
CountAll_6-10,"TakeFromResultCov_(8,10)-(2,2)"
CountAll_11-15,"TakeFromResultCov_(11,15)-(2,2)"
CountAll_16-20,"TakeFromResultCov_(16,20)-(2,2)"
CountAll_6-10,"TakeFromResultCov_(6,8)-(3,3)"
CountAll_6-10,"TakeFromResultCov_(8,10)-(3,3)"
CountAll_11-15,"TakeFromResultCov_(11,15)-(3,3)"
CountAll_16-20,"TakeFromResultCov_(16,20)-(3,3)"
CountAll_16-20,"TakeFromResultCov_(10,20)-(1,3)"
CountAll_1-5,"PutTogetherTotalCov_2,5"
CountAll_6-10,"PutTogetherTotalCov_5,8"
CountAll_6-10,"PutTogetherTotalCov_7,9"
CountAll_6-10,"PutTogetherTotalCov_8,10"
CountAll_6-10,"PutTogetherTotalCov_10,13"
CountAll_11-15,"PutTogetherTotalCov_12,14"
CountAll_11-15,"PutTogetherTotalCov_13,15"
CountAll_11-15,"PutTogetherTotalCov_15,18"
CountAll_11-15,"PutTogetherTotalCov_17,19"
CountAll_16-20,"PutTogetherTotalCov_18,20"
CountAll_16-20,"PutTogetherTotalCov_14,20"
