source,destination
"PutTogetherTotal_8,10","PutTogetherTotal_13,15"
"AddToResult_(8,10)-(2,2)","AddToResult_(11,15)-(3,5)"
"AddToResultCov_(8,10)-(1,1)","AddToResultCov_(8,10)-(2,2)"
"TakeFromResult_(8,10)-(2,2)","TakeFromResult_(11,15)-(3,5)"
"TakeFromResultCov_(8,10)-(1,1)","TakeFromResultCov_(8,10)-(2,2)"
"PutTogetherTotal_13,15","PutTogetherTotal_18,20"
"AddToResult_(11,15)-(3,5)","AddToResult_(16,20)-(5,10)"
"AddToResultCov_(8,10)-(2,2)","AddToResultCov_(11,15)-(3,3)"
"AddToResultCov_(8,10)-(2,2)","PutTogetherTotalCov_8,10"
"TakeFromResult_(11,15)-(3,5)","TakeFromResult_(16,20)-(5,10)"
"TakeFromResultCov_(8,10)-(2,2)","TakeFromResultCov_(11,15)-(3,3)"
"PutTogetherTotal_18,20","PutTogetherTotal_14,20"
"AddToResult_(16,20)-(5,10)","AddToResult_(12,20)-(3,11)"
"AddToResultCov_(11,15)-(3,3)","AddToResultCov_(16,20)-(3,3)"
"AddToResultCov_(11,15)-(3,3)","PutTogetherTotalCov_13,15"
"PutTogetherTotalCov_8,10","PutTogetherTotalCov_13,15"
"TakeFromResult_(16,20)-(5,10)","TakeFromResult_(12,20)-(3,11)"
"TakeFromResultCov_(11,15)-(3,3)","TakeFromResultCov_(16,20)-(3,3)"
"AddToResultCov_(16,20)-(3,3)","AddToResultCov_(10,20)-(1,3)"
"PutTogetherTotalCov_13,15","PutTogetherTotalCov_18,20"
"TakeFromResultCov_(16,20)-(3,3)","TakeFromResultCov_(10,20)-(1,3)"
"PutTogetherTotalCov_18,20","PutTogetherTotalCov_14,20"
