bubble name,game name,play parameters
Base10:6-10_1,space_ship,"{""name"":""Base10"",""min"":6,""max"":10,""level"":1}"
Base10:10-15_1,space_ship,"{""name"":""Base10"",""min"":10,""max"":15,""level"":1}"
Base10:15-20_1,space_ship,"{""name"":""Base10"",""min"":15,""max"":20,""level"":1}"
Base10:10-20_1,space_ship,"{""name"":""Base10"",""min"":10,""max"":20,""level"":1}"
Base10:20-30_1,space_ship,"{""name"":""Base10"",""min"":20,""max"":30,""level"":1}"
Base10:10-30_1,space_ship,"{""name"":""Base10"",""min"":10,""max"":30,""level"":1}"
Base10:30-50_1,space_ship,"{""name"":""Base10"",""min"":30,""max"":50,""level"":1}"
Base10:10-50_1,space_ship,"{""name"":""Base10"",""min"":10,""max"":50,""level"":1}"
Base10:50-100_1,space_ship,"{""name"":""Base10"",""min"":50,""max"":100,""level"":1}"
Base10:100-200_1,space_ship,"{""name"":""Base10"",""min"":100,""max"":200,""level"":1}"
Base10:100-500_1,space_ship,"{""name"":""Base10"",""min"":100,""max"":500,""level"":1}"
Comp:30-40_1,space_ship,"{""name"":""Comp"",""min"":30,""max"":40,""level"":1}"
Comp:30-40_2,space_ship,"{""name"":""Comp"",""min"":30,""max"":40,""level"":2}"
Comp:30-50_1,space_ship,"{""name"":""Comp"",""min"":30,""max"":50,""level"":1}"
Comp:30-50_2,space_ship,"{""name"":""Comp"",""min"":30,""max"":50,""level"":2}"
Comp:40-60_1,space_ship,"{""name"":""Comp"",""min"":40,""max"":60,""level"":1}"
Comp:40-60_2,space_ship,"{""name"":""Comp"",""min"":40,""max"":60,""level"":2}"
Comp:40-80_1,space_ship,"{""name"":""Comp"",""min"":40,""max"":80,""level"":1}"
Comp:40-80_2,space_ship,"{""name"":""Comp"",""min"":40,""max"":80,""level"":2}"
Comp:50-100_1,space_ship,"{""name"":""Comp"",""min"":50,""max"":100,""level"":1}"
Comp:50-100_2,space_ship,"{""name"":""Comp"",""min"":50,""max"":100,""level"":2}"
Base10:11-19_2,space_ship,"{""name"":""Base10"",""min"":11,""max"":19,""level"":2}"
Base10:11-29_2,space_ship,"{""name"":""Base10"",""min"":11,""max"":29,""level"":2}"
Base10:11-50_2,space_ship,"{""name"":""Base10"",""min"":11,""max"":50,""level"":2}"
Base10:50-100_2,space_ship,"{""name"":""Base10"",""min"":50,""max"":100,""level"":2}"
Base10:100-200_2,space_ship,"{""name"":""Base10"",""min"":100,""max"":200,""level"":2}"
Base10:100-500_2,space_ship,"{""name"":""Base10"",""min"":100,""max"":500,""level"":2}"
