bubble name,game name,play parameters
Diag+_(2-5),space_ship,"{""name"":""diag+"",""min"":2,""max"":5}"
Diag+_(5-8),space_ship,"{""name"":""diag+"",""min"":5,""max"":8}"
Diag+_(8-10),space_ship,"{""name"":""diag+"",""min"":8,""max"":10}"
Diag+_(11-15),space_ship,"{""name"":""diag+"",""min"":11,""max"":15}"
Diag+_(15-20),space_ship,"{""name"":""diag+"",""min"":15,""max"":20}"
Diag-_(2-5),space_ship,"{""name"":""diag-"",""min"":2,""max"":5}"
Diag-_(5-8),space_ship,"{""name"":""diag-"",""min"":5,""max"":8}"
Diag-_(8-10),space_ship,"{""name"":""diag-"",""min"":8,""max"":10}"
Diag-_(11-15),space_ship,"{""name"":""diag-"",""min"":11,""max"":15}"
Diag-_(15-20),space_ship,"{""name"":""diag-"",""min"":15,""max"":20}"
Diag+ -_(2-5),space_ship,"{""name"":""diag+-"",""min"":2,""max"":5}"
Diag+ -_(5-8),space_ship,"{""name"":""diag+-"",""min"":5,""max"":8}"
Diag+ -_(8-10),space_ship,"{""name"":""diag+-"",""min"":8,""max"":10}"
Diag+ -_(11-15),space_ship,"{""name"":""diag+-"",""min"":11,""max"":15}"
Diag+ -_(15-20),space_ship,"{""name"":""diag+-"",""min"":15,""max"":20}"
Diag+ -_(20-30),space_ship,"{""name"":""diag+-"",""min"":20,""max"":30}"
Diag+ -_(20-50),space_ship,"{""name"":""diag+-"",""min"":20,""max"":50}"
