category,bubble name
AdditionSubtraction_1-10,Diag+_(2-5)
AdditionSubtraction_1-10,Diag+_(5-8)
AdditionSubtraction_1-10,Diag+_(8-10)
AdditionSubtraction_11-20,Diag+_(11-15)
AdditionSubtraction_11-20,Diag+_(15-20)
AdditionSubtraction_1-10,Diag-_(2-5)
AdditionSubtraction_1-10,Diag-_(5-8)
AdditionSubtraction_1-10,Diag-_(8-10)
AdditionSubtraction_11-20,Diag-_(11-15)
AdditionSubtraction_11-20,Diag-_(15-20)
AdditionSubtraction_1-10,Diag+ -_(2-5)
AdditionSubtraction_1-10,Diag+ -_(5-8)
AdditionSubtraction_1-10,Diag+ -_(8-10)
AdditionSubtraction_11-20,Diag+ -_(11-15)
AdditionSubtraction_11-20,Diag+ -_(15-20)
AdditionSubtraction_21-50,Diag+ -_(20-30)
AdditionSubtraction_21-50,Diag+ -_(20-50)
