category name,name
Ordinal_1-20,"Ord_(1,5)_1"
Ordinal_1-20,"Ord_(5,10)_1"
Ordinal_1-20,"Ord_(10,20)_1"
Ordinal_21-40,"Ord_(20,30)_1"
Ordinal_31-40,"Ord_(30,40)_1"
Ordinal_41-60,"Ord_(40,50)_1"
Ordinal_41-60,"Ord_(50,60)_1"
Ordinal_61-100,"Ord_(60,70)_1"
Ordinal_61-100,"Ord_(70,80)_1"
Ordinal_61-100,"Ord_(80,90)_1"
Ordinal_61-100,"Ord_(90,100)_1"
Ordinal_41-60,"Ord_(2,5)_3"
Ordinal_1-20,"Ord_(5,15)_1"
Ordinal_1-20,"Ord_(15,25)_1"
Ordinal_21-40,"Ord_(25,35)_1"
Ordinal_21-40,"Ord_(35,45)_1"
Ordinal_41-60,"Ord_(45,55)_1"
Ordinal_41-60,"Ord_(55,65)_1"
Ordinal_61-100,"Ord_(65,75)_1"
Ordinal_61-100,"Ord_(75,85)_1"
Ordinal_61-100,"Ord_(85,95)_1"
Ordinal_1-20,"Ord_(1,5)_2"
Ordinal_1-20,"Ord_(5,10)_2"
Ordinal_1-20,"Ord_(10,20)_2"
Ordinal_21-40,"Ord_(20,30)_2"
Ordinal_21-40,"Ord_(30,40)_2"
Ordinal_41-60,"Ord_(40,50)_2"
Ordinal_41-60,"Ord_(50,60)_2"
Ordinal_61-100,"Ord_(60,70)_2"
Ordinal_61-100,"Ord_(70,80)_2"
Ordinal_61-100,"Ord_(80,90)_2"
Ordinal_61-100,"Ord_(90,100)_2"
Ordinal_61-100,"Ord_(2,8)_3"
Ordinal_1-20,"Ord_(5,15)_2"
Ordinal_1-20,"Ord_(15,25)_2"
Ordinal_21-40,"Ord_(25,35)_2"
Ordinal_21-40,"Ord_(35,45)_2"
Ordinal_41-60,"Ord_(45,55)_2"
Ordinal_41-60,"Ord_(55,65)_2"
Ordinal_61-100,"Ord_(65,75)_2"
Ordinal_61-100,"Ord_(75,85)_2"
Ordinal_61-100,"Ord_(85,95)_2"
Ordinal_61-100,"Ord_(4,7)_3"
