bubble name,game name,play parameters
2x(1-5),space_ship,"{""name"":""grid"",""n_min"":2,""n_max"":2,""m_min"":1,""m_max"":5}"
2x(1-10),space_ship,"{""name"":""grid"",""n_min"":2,""n_max"":2,""m_min"":1,""m_max"":10}"
3x(1-5),space_ship,"{""name"":""grid"",""n_min"":3,""n_max"":3,""m_min"":1,""m_max"":5}"
3x(1-10),space_ship,"{""name"":""grid"",""n_min"":3,""n_max"":3,""m_min"":1,""m_max"":10}"
4x(1-5),space_ship,"{""name"":""grid"",""n_min"":4,""n_max"":4,""m_min"":1,""m_max"":5}"
4x(1-10),space_ship,"{""name"":""grid"",""n_min"":4,""n_max"":4,""m_min"":1,""m_max"":10}"
5x(1-5),space_ship,"{""name"":""grid"",""n_min"":5,""n_max"":5,""m_min"":1,""m_max"":5}"
5x(1-10),space_ship,"{""name"":""grid"",""n_min"":5,""n_max"":5,""m_min"":1,""m_max"":10}"
6x(1-10),space_ship,"{""name"":""grid"",""n_min"":6,""n_max"":6,""m_min"":1,""m_max"":10}"
7x(1-10),space_ship,"{""name"":""grid"",""n_min"":7,""n_max"":7,""m_min"":1,""m_max"":10}"
8x(1-10),space_ship,"{""name"":""grid"",""n_min"":8,""n_max"":8,""m_min"":1,""m_max"":10}"
9x(1-10),space_ship,"{""name"":""grid"",""n_min"":9,""n_max"":9,""m_min"":1,""m_max"":10}"
(1-10)x(1-10),space_ship,"{""name"":""grid"",""n_min"":1,""n_max"":10,""m_min"":1,""m_max"":10}"
(6-9)x(6-9),space_ship,"{""name"":""grid"",""n_min"":6,""n_max"":9,""m_min"":6,""m_max"":9}"
Diag:x:2x(1-10),space_ship,"{""name"":""diagramx"",""n_min"":2,""n_max"":2,""m_min"":1,""m_max"":10}"
Diag:x:3x(1-10),space_ship,"{""name"":""diagramx"",""n_min"":3,""n_max"":3,""m_min"":1,""m_max"":10}"
Diag:x:4x(1-10),space_ship,"{""name"":""diagramx"",""n_min"":4,""n_max"":4,""m_min"":1,""m_max"":10}"
Diag:x:5x(1-10),space_ship,"{""name"":""diagramx"",""n_min"":5,""n_max"":5,""m_min"":1,""m_max"":10}"
Diag:x:(1-5)x(1-10),space_ship,"{""name"":""diagramx"",""n_min"":1,""n_max"":5,""m_min"":1,""m_max"":10}"
Diag:x:6x(1-10),space_ship,"{""name"":""diagramx"",""n_min"":6,""n_max"":6,""m_min"":1,""m_max"":10}"
Diag:x:7x(1-10),space_ship,"{""name"":""diagramx"",""n_min"":7,""n_max"":7,""m_min"":1,""m_max"":10}"
Diag:x:8x(1-10),space_ship,"{""name"":""diagramx"",""n_min"":8,""n_max"":8,""m_min"":1,""m_max"":10}"
Diag:x:9x(1-10),space_ship,"{""name"":""diagramx"",""n_min"":9,""n_max"":9,""m_min"":1,""m_max"":10}"
Diag:x:(1-10)x(1-10),space_ship,"{""name"":""diagramx"",""n_min"":1,""n_max"":10,""m_min"":1,""m_max"":10}"
Diag:x:(6-9)x(6-9),space_ship,"{""name"":""diagramx"",""n_min"":6,""n_max"":9,""m_min"":6,""m_max"":9}"
Diag:/:2x(1-10),space_ship,"{""name"":""diagram/"",""n_min"":2,""n_max"":2,""m_min"":1,""m_max"":10}"
Diag:/:3x(1-10),space_ship,"{""name"":""diagram/"",""n_min"":3,""n_max"":3,""m_min"":1,""m_max"":10}"
Diag:/:4x(1-10),space_ship,"{""name"":""diagram/"",""n_min"":4,""n_max"":4,""m_min"":1,""m_max"":10}"
Diag:/:5x(1-10),space_ship,"{""name"":""diagram/"",""n_min"":5,""n_max"":5,""m_min"":1,""m_max"":10}"
Diag:/:(1-5)x(1-10),space_ship,"{""name"":""diagram/"",""n_min"":1,""n_max"":5,""m_min"":1,""m_max"":10}"
Diag:/:6x(1-10),space_ship,"{""name"":""diagram/"",""n_min"":6,""n_max"":6,""m_min"":1,""m_max"":10}"
Diag:/:7x(1-10),space_ship,"{""name"":""diagram/"",""n_min"":7,""n_max"":7,""m_min"":1,""m_max"":10}"
Diag:/:8x(1-10),space_ship,"{""name"":""diagram/"",""n_min"":8,""n_max"":8,""m_min"":1,""m_max"":10}"
Diag:/:9x(1-10),space_ship,"{""name"":""diagram/"",""n_min"":9,""n_max"":9,""m_min"":1,""m_max"":10}"
Diag:/:(1-10)x(1-10),space_ship,"{""name"":""diagram/"",""n_min"":1,""n_max"":10,""m_min"":1,""m_max"":10}"
Diag:/:(6-9)x(6-9),space_ship,"{""name"":""diagram/"",""n_min"":6,""n_max"":9,""m_min"":6,""m_max"":9}"
(1-5)x(1-10),space_ship,"{""name"":""grid"",""n_min"":1,""n_max"":5,""m_min"":1,""m_max"":10}"
