bubble name,game name,play parameters
"TakeFromResultCountOn_(5,10)-(1,1)",sheep,"{""Name"":""TakeFromResultCountOn"",""Start_min"":5,""Start_max"":10,""Result_min"":1,""Result_max"":1}"
"TakeFromResultCountOn_(11,15)-(1,1)",sheep,"{""Name"":""TakeFromResultCountOn"",""Start_min"":11,""Start_max"":15,""Result_min"":1,""Result_max"":1}"
"TakeFromResultCountOn_(16,20)-(1,1)",sheep,"{""Name"":""TakeFromResultCountOn"",""Start_min"":16,""Start_max"":20,""Result_min"":1,""Result_max"":1}"
"TakeFromResultCountOn_(8,10)-(2,2)",sheep,"{""Name"":""TakeFromResultCountOn"",""Start_min"":8,""Start_max"":10,""Result_min"":2,""Result_max"":2}"
"TakeFromResultCountOn_(11,15)-(2,2)",sheep,"{""Name"":""TakeFromResultCountOn"",""Start_min"":11,""Start_max"":15,""Result_min"":2,""Result_max"":2}"
"TakeFromResultCountOn_(16,20)-(2,2)",sheep,"{""Name"":""TakeFromResultCountOn"",""Start_min"":16,""Start_max"":20,""Result_min"":2,""Result_max"":2}"
"TakeFromResultCountOn_(11,15)-(3,3)",sheep,"{""Name"":""TakeFromResultCountOn"",""Start_min"":11,""Start_max"":15,""Result_min"":3,""Result_max"":3}"
"TakeFromResultCountOn_(16,20)-(3,3)",sheep,"{""Name"":""TakeFromResultCountOn"",""Start_min"":16,""Start_max"":20,""Result_min"":3,""Result_max"":3}"
"AddToChangeColor_(5,10)-(1,1)",sheep,"{""Name"":""AddToChangeColor"",""Result_min"":5,""Result_max"":10,""Change_min"":1,""Change_max"":1}"
"AddToChangeColor_(11,15)-(1,1)",sheep,"{""Name"":""AddToChangeColor"",""Result_min"":11,""Result_max"":15,""Change_min"":1,""Change_max"":1}"
"AddToChangeColor_(16,20)-(1,1)",sheep,"{""Name"":""AddToChangeColor"",""Result_min"":16,""Result_max"":20,""Change_min"":1,""Change_max"":1}"
"AddToChangeColor_(5,10)-(2,2)",sheep,"{""Name"":""AddToChangeColor"",""Result_min"":5,""Result_max"":10,""Change_min"":2,""Change_max"":2}"
"AddToChangeColor_(11,15)-(2,2)",sheep,"{""Name"":""AddToChangeColor"",""Result_min"":11,""Result_max"":15,""Change_min"":2,""Change_max"":2}"
"AddToChangeColor_(16,20)-(2,2)",sheep,"{""Name"":""AddToChangeColor"",""Result_min"":16,""Result_max"":20,""Change_min"":2,""Change_max"":2}"
"AddToChangeColor_(12,20)-(3,11)",sheep,"{""Name"":""AddToChangeColor"",""Result_min"":12,""Result_max"":20,""Change_min"":2,""Change_max"":2}"
"AddToChange_(5,10)-(1,1)",sheep,"{""Name"":""AddToChange"",""Result_min"":5,""Result_max"":10,""Change_min"":1,""Change_max"":1}"
"AddToChange_(11,15)-(1,1)",sheep,"{""Name"":""AddToChange"",""Result_min"":11,""Result_max"":15,""Change_min"":1,""Change_max"":1}"
"AddToChange_(16,20)-(1,1)",sheep,"{""Name"":""AddToChange"",""Result_min"":16,""Result_max"":20,""Change_min"":1,""Change_max"":1}"
"AddToChange_(5,10)-(2,2)",sheep,"{""Name"":""AddToChange"",""Result_min"":5,""Result_max"":10,""Change_min"":2,""Change_max"":2}"
"AddToChange_(11,15)-(2,2)",sheep,"{""Name"":""AddToChange"",""Result_min"":11,""Result_max"":15,""Change_min"":2,""Change_max"":2}"
"AddToChange_(16,20)-(2,2)",sheep,"{""Name"":""AddToChange"",""Result_min"":16,""Result_max"":20,""Change_min"":2,""Change_max"":2}"
"AddToChange_(8,10)-(3,5)",sheep,"{""Name"":""AddToChange"",""Result_min"":8,""Result_max"":10,""Change_min"":3,""Change_max"":5}"
"AddToChange_(11,15)-(3,5)",sheep,"{""Name"":""AddToChange"",""Result_min"":11,""Result_max"":15,""Change_min"":3,""Change_max"":5}"
"AddToChange_(16,20)-(3,5)",sheep,"{""Name"":""AddToChange"",""Result_min"":16,""Result_max"":20,""Change_min"":3,""Change_max"":5}"
"AddToChange_(11,15)-(5,10)",sheep,"{""Name"":""AddToChange"",""Result_min"":11,""Result_max"":15,""Change_min"":5,""Change_max"":10}"
"AddToChange_(16,20)-(5,10)",sheep,"{""Name"":""AddToChange"",""Result_min"":16,""Result_max"":20,""Change_min"":5,""Change_max"":10}"
"AddToChange_(12,20)-(3,11)",sheep,"{""Name"":""AddToChange"",""Result_min"":12,""Result_max"":20,""Change_min"":3,""Change_max"":11}"
"TakeFromChange_(5,10)-(1,1)",sheep,"{""Name"":""TakeFromChange"",""Start_min"":5,""Start_max"":10,""Change_min"":1,""Change_max"":1}"
"TakeFromChange_(11,15)-(1,1)",sheep,"{""Name"":""TakeFromChange"",""Start_min"":11,""Start_max"":15,""Change_min"":1,""Change_max"":1}"
"TakeFromChange_(16,20)-(1,1)",sheep,"{""Name"":""TakeFromChange"",""Start_min"":16,""Start_max"":20,""Change_min"":1,""Change_max"":1}"
"TakeFromChange_(5,10)-(2,2)",sheep,"{""Name"":""TakeFromChange"",""Start_min"":5,""Start_max"":10,""Change_min"":2,""Change_max"":2}"
"TakeFromChange_(11,15)-(2,2)",sheep,"{""Name"":""TakeFromChange"",""Start_min"":11,""Start_max"":15,""Change_min"":2,""Change_max"":2}"
"TakeFromChange_(16,20)-(2,2)",sheep,"{""Name"":""TakeFromChange"",""Start_min"":16,""Start_max"":20,""Change_min"":2,""Change_max"":2}"
"TakeFromChange_(8,10)-(3,5)",sheep,"{""Name"":""TakeFromChange"",""Start_min"":8,""Start_max"":10,""Change_min"":3,""Change_max"":5}"
"TakeFromChange_(11,15)-(3,5)",sheep,"{""Name"":""TakeFromChange"",""Start_min"":11,""Start_max"":15,""Change_min"":3,""Change_max"":5}"
"TakeFromChange_(16,20)-(3,5)",sheep,"{""Name"":""TakeFromChange"",""Start_min"":16,""Start_max"":20,""Change_min"":3,""Change_max"":5}"
"TakeFromChange_(11,15)-(5,10)",sheep,"{""Name"":""TakeFromChange"",""Start_min"":11,""Start_max"":15,""Change_min"":5,""Change_max"":10}"
"TakeFromChange_(16,20)-(5,10)",sheep,"{""Name"":""TakeFromChange"",""Start_min"":16,""Start_max"":20,""Change_min"":5,""Change_max"":10}"
"TakeFromChange_(12,20)-(3,11)",sheep,"{""Name"":""TakeFromChange"",""Start_min"":12,""Start_max"":20,""Change_min"":3,""Change_max"":11}"
"PutTogetherAddend_2,5",sheep,"{""Name"":""PutTogetherAddend"",""Total_min"":2,""Total_max"":5}"
"PutTogetherAddend_5,8",sheep,"{""Name"":""PutTogetherAddend"",""Total_min"":5,""Total_max"":8}"
"PutTogetherAddend_7,9",sheep,"{""Name"":""PutTogetherAddend"",""Total_min"":7,""Total_max"":9}"
"PutTogetherAddend_8,10",sheep,"{""Name"":""PutTogetherAddend"",""Total_min"":8,""Total_max"":10}"
"PutTogetherAddend_10,13",sheep,"{""Name"":""PutTogetherAddend"",""Total_min"":10,""Total_max"":13}"
"PutTogetherAddend_12,14",sheep,"{""Name"":""PutTogetherAddend"",""Total_min"":12,""Total_max"":14}"
"PutTogetherAddend_13,15",sheep,"{""Name"":""PutTogetherAddend"",""Total_min"":13,""Total_max"":15}"
"PutTogetherAddend_15,18",sheep,"{""Name"":""PutTogetherAddend"",""Total_min"":15,""Total_max"":18}"
"PutTogetherAddend_17,19",sheep,"{""Name"":""PutTogetherAddend"",""Total_min"":17,""Total_max"":19}"
"PutTogetherAddend_18,20",sheep,"{""Name"":""PutTogetherAddend"",""Total_min"":18,""Total_max"":20}"
"PutTogetherAddend_14,20",sheep,"{""Name"":""PutTogetherAddend"",""Total_min"":14,""Total_max"":20}"
