bubble name,game name,play parameters
Produce_1-5,rolling balls,"{""min"":1,""max"":5}"
Produce_6-10,rolling balls,"{""min"":6,""max"":10}"
Produce_1-10,rolling balls,"{""min"":1,""max"":10}"
Produce_11-15,rolling balls,"{""min"":11,""max"":15}"
Produce_16-20,rolling balls,"{""min"":16,""max"":20}"
Produce_1-20,rolling balls,"{""min"":1,""max"":20}"
Produce_21-25,rolling balls,"{""min"":21,""max"":25}"
Produce_26-30,rolling balls,"{""min"":26,""max"":30}"
Produce_1-30,rolling balls,"{""min"":1,""max"":30}"
Produce_31-40,rolling balls,"{""min"":31,""max"":40}"
Produce_1-40,rolling balls,"{""min"":1,""max"":40}"
