category,bubble name
MultiplicationDivision_2-5,2x(1-5)
MultiplicationDivision_2-5,2x(1-10)
MultiplicationDivision_2-5,3x(1-5)
MultiplicationDivision_2-5,3x(1-10)
MultiplicationDivision_2-5,4x(1-5)
MultiplicationDivision_2-5,4x(1-10)
MultiplicationDivision_2-5,5x(1-5)
MultiplicationDivision_2-5,5x(1-10)
MultiplicationDivision_6-10,6x(1-10)
MultiplicationDivision_6-10,7x(1-10)
MultiplicationDivision_6-10,8x(1-10)
MultiplicationDivision_6-10,9x(1-10)
MultiplicationDivision_6-10,(1-10)x(1-10)
MultiplicationDivision_6-10,(6-9)x(6-9)
MultiplicationDivision_2-5,Diag:x:2x(1-10)
MultiplicationDivision_2-5,Diag:x:3x(1-10)
MultiplicationDivision_2-5,Diag:x:4x(1-10)
MultiplicationDivision_2-5,Diag:x:5x(1-10)
MultiplicationDivision_2-5,Diag:x:(1-5)x(1-10)
MultiplicationDivision_6-10,Diag:x:6x(1-10)
MultiplicationDivision_6-10,Diag:x:7x(1-10)
MultiplicationDivision_6-10,Diag:x:8x(1-10)
MultiplicationDivision_6-10,Diag:x:9x(1-10)
MultiplicationDivision_6-10,Diag:x:(1-10)x(1-10)
MultiplicationDivision_6-10,Diag:x:(6-9)x(6-9)
MultiplicationDivision_2-5,Diag:/:2x(1-10)
MultiplicationDivision_2-5,Diag:/:3x(1-10)
MultiplicationDivision_2-5,Diag:/:4x(1-10)
MultiplicationDivision_2-5,Diag:/:5x(1-10)
MultiplicationDivision_2-5,Diag:/:(1-5)x(1-10)
MultiplicationDivision_6-10,Diag:/:6x(1-10)
MultiplicationDivision_6-10,Diag:/:7x(1-10)
MultiplicationDivision_6-10,Diag:/:8x(1-10)
MultiplicationDivision_6-10,Diag:/:9x(1-10)
MultiplicationDivision_6-10,Diag:/:(1-10)x(1-10)
MultiplicationDivision_6-10,Diag:/:(6-9)x(6-9)
MultiplicationDivision_2-5,(1-5)x(1-10)
