category name,bubble name
CountAll_5,"AddToResult_(4,4)-(1,3)"
CountAll_5,"AddToResult_(5,5)-(1,4)"
CountAll_10,"AddToResult_(6,8)-(1,1)"
CountAll_10,"AddToResult_(8,10)-(1,1)"
CountAll_15,"AddToResult_(11,15)-(1,1)"
CountAll_20,"AddToResult_(16,20)-(1,1)"
CountAll_10,"AddToResult_(6,8)-(2,2)"
CountAll_10,"AddToResult_(8,10)-(2,2)"
CountAll_15,"AddToResult_(11,15)-(2,2)"
CountAll_20,"AddToResult_(16,20)-(2,2)"
CountAll_10,"AddToResult_(6,10)-(3,5)"
CountAll_15,"AddToResult_(11,15)-(3,5)"
CountAll_20,"AddToResult_(16,20)-(3,5)"
CountAll_15,"AddToResult_(11,15)-(5,10)"
CountAll_20,"AddToResult_(16,20)-(5,10)"
CountAll_20,"AddToResult_(12,20)-(3,11)"
CountAll_5,"TakeFromResult_(4,4)-(1,3)"
CountAll_5,"TakeFromResult_(5,5)-(1,4)"
CountAll_10,"TakeFromResult_(6,8)-(1,1)"
CountAll_10,"TakeFromResult_(8,10)-(1,1)"
CountAll_15,"TakeFromResult_(11,15)-(1,1)"
CountAll_20,"TakeFromResult_(16,20)-(1,1)"
CountAll_10,"TakeFromResult_(6,8)-(2,2)"
CountAll_10,"TakeFromResult_(8,10)-(2,2)"
CountAll_15,"TakeFromResult_(11,15)-(2,2)"
CountAll_20,"TakeFromResult_(16,20)-(2,2)"
CountAll_10,"TakeFromResult_(6,10)-(3,5)"
CountAll_15,"TakeFromResult_(11,15)-(3,5)"
CountAll_20,"TakeFromResult_(16,20)-(3,5)"
CountAll_15,"TakeFromResult_(11,15)-(5,10)"
CountAll_20,"TakeFromResult_(16,20)-(5,10)"
CountAll_20,"TakeFromResult_(12,20)-(3,11)"
CountAll_5,"PutTogetherTotal_2,5"
CountAll_10,"PutTogetherTotal_5,8"
CountAll_10,"PutTogetherTotal_7,9"
CountAll_10,"PutTogetherTotal_8,10"
CountAll_10,"PutTogetherTotal_10,13"
CountAll_15,"PutTogetherTotal_12,14"
CountAll_15,"PutTogetherTotal_13,15"
CountAll_15,"PutTogetherTotal_15,18"
CountAll_15,"PutTogetherTotal_17,19"
CountAll_20,"PutTogetherTotal_18,20"
CountAll_20,"PutTogetherTotal_14,20"
CountAll_5,"AddToResultCov_(4,5)-(1,1)"
CountAll_10,"AddToResultCov_(6,8)-(1,1)"
CountAll_10,"AddToResultCov_(8,10)-(1,1)"
CountAll_15,"AddToResultCov_(11,15)-(1,1)"
CountAll_20,"AddToResultCov_(16,20)-(1,1)"
CountAll_10,"AddToResultCov_(6,8)-(2,2)"
CountAll_10,"AddToResultCov_(8,10)-(2,2)"
CountAll_15,"AddToResultCov_(11,15)-(2,2)"
CountAll_20,"AddToResultCov_(16,20)-(2,2)"
CountAll_10,"AddToResultCov_(6,8)-(3,3)"
CountAll_10,"AddToResultCov_(8,10)-(3,3)"
CountAll_15,"AddToResultCov_(11,15)-(3,3)"
CountAll_20,"AddToResultCov_(16,20)-(3,3)"
CountAll_20,"AddToResultCov_(10,20)-(1,3)"
CountAll_5,"TakeFromResultCov_(4,5)-(1,1)"
CountAll_10,"TakeFromResultCov_(6,8)-(1,1)"
CountAll_10,"TakeFromResultCov_(8,10)-(1,1)"
CountAll_15,"TakeFromResultCov_(11,15)-(1,1)"
CountAll_20,"TakeFromResultCov_(16,20)-(1,1)"
CountAll_10,"TakeFromResultCov_(6,8)-(2,2)"
CountAll_10,"TakeFromResultCov_(8,10)-(2,2)"
CountAll_15,"TakeFromResultCov_(11,15)-(2,2)"
CountAll_20,"TakeFromResultCov_(16,20)-(2,2)"
CountAll_10,"TakeFromResultCov_(6,8)-(3,3)"
CountAll_10,"TakeFromResultCov_(8,10)-(3,3)"
CountAll_15,"TakeFromResultCov_(11,15)-(3,3)"
CountAll_20,"TakeFromResultCov_(16,20)-(3,3)"
CountAll_20,"TakeFromResultCov_(10,20)-(1,3)"
CountAll_5,"PutTogetherTotalCov_2,5"
CountAll_10,"PutTogetherTotalCov_5,8"
CountAll_10,"PutTogetherTotalCov_7,9"
CountAll_10,"PutTogetherTotalCov_8,10"
CountAll_10,"PutTogetherTotalCov_10,13"
CountAll_15,"PutTogetherTotalCov_12,14"
CountAll_15,"PutTogetherTotalCov_13,15"
CountAll_15,"PutTogetherTotalCov_15,18"
CountAll_15,"PutTogetherTotalCov_17,19"
CountAll_20,"PutTogetherTotalCov_18,20"
CountAll_20,"PutTogetherTotalCov_14,20"
